Year,State,MinWage,Patents,D_MinWage,D_MinWage_Positive,D_Patents,D_Patents_Pct,D_MinWage_L1,D_Patents_L1,D_MinWage_L2,D_Patents_L2,D_MinWage_L3,D_Patents_L3
2002,Alabama,7.4,441,,0,,,,,,,,
2003,Alabama,7.24,459,-0.16000000000000014,0,18.0,0.04081632653061229,,,,,,
2004,Alabama,7.05,412,-0.1900000000000004,0,-47.0,-0.10239651416122009,-0.16000000000000014,18.0,,,,
2005,Alabama,6.82,359,-0.22999999999999954,0,-53.0,-0.12864077669902918,-0.1900000000000004,-47.0,-0.16000000000000014,18.0,,
2006,Alabama,6.61,430,-0.20999999999999996,0,71.0,0.1977715877437325,-0.22999999999999954,-53.0,-0.1900000000000004,-47.0,-0.16000000000000014,18.0
2007,Alabama,6.42,358,-0.1900000000000004,0,-72.0,-0.16744186046511633,-0.20999999999999996,71.0,-0.22999999999999954,-53.0,-0.1900000000000004,-47.0
2008,Alabama,7.03,354,0.6100000000000003,1,-4.0,-0.011173184357541888,-0.1900000000000004,-72.0,-0.20999999999999996,71.0,-0.22999999999999954,-53.0
2009,Alabama,7.9,377,0.8700000000000001,1,23.0,0.06497175141242928,0.6100000000000003,-4.0,-0.1900000000000004,-72.0,-0.20999999999999996,71.0
2010,Alabama,8.6,538,0.6999999999999993,1,161.0,0.42705570291777195,0.8700000000000001,23.0,0.6100000000000003,-4.0,-0.1900000000000004,-72.0
2011,Alabama,8.34,416,-0.2599999999999998,0,-122.0,-0.22676579925650553,0.6999999999999993,161.0,0.8700000000000001,23.0,0.6100000000000003,-4.0
2012,Alabama,8.17,478,-0.16999999999999993,0,62.0,0.14903846153846145,-0.2599999999999998,-122.0,0.6999999999999993,161.0,0.8700000000000001,23.0
2013,Alabama,8.05,573,-0.11999999999999922,0,95.0,0.1987447698744771,-0.16999999999999993,62.0,-0.2599999999999998,-122.0,0.6999999999999993,161.0
2014,Alabama,7.92,557,-0.13000000000000078,0,-16.0,-0.027923211169284423,-0.11999999999999922,95.0,-0.16999999999999993,62.0,-0.2599999999999998,-122.0
2015,Alabama,7.91,519,-0.009999999999999787,0,-38.0,-0.06822262118491917,-0.13000000000000078,-16.0,-0.11999999999999922,95.0,-0.16999999999999993,62.0
2002,Alaska,8.12,50,,0,,,,,,,,
2003,Alaska,10.05,43,1.9300000000000015,1,-7.0,-0.14,,,,,,
2004,Alaska,9.79,49,-0.26000000000000156,0,6.0,0.13953488372093026,1.9300000000000015,-7.0,,,,
2005,Alaska,9.47,36,-0.3199999999999985,0,-13.0,-0.26530612244897955,-0.26000000000000156,6.0,1.9300000000000015,-7.0,,
2006,Alaska,9.17,45,-0.3000000000000007,0,9.0,0.25,-0.3199999999999985,-13.0,-0.26000000000000156,6.0,1.9300000000000015,-7.0
2007,Alaska,8.92,24,-0.25,0,-21.0,-0.4666666666666667,-0.3000000000000007,9.0,-0.3199999999999985,-13.0,-0.26000000000000156,6.0
2008,Alaska,8.59,28,-0.33000000000000007,0,4.0,0.16666666666666674,-0.25,-21.0,-0.3000000000000007,9.0,-0.3199999999999985,-13.0
2009,Alaska,8.62,55,0.02999999999999936,1,27.0,0.9642857142857142,-0.33000000000000007,4.0,-0.25,-21.0,-0.3000000000000007,9.0
2010,Alaska,9.19,32,0.5700000000000003,1,-23.0,-0.4181818181818182,0.02999999999999936,27.0,-0.33000000000000007,4.0,-0.25,-21.0
2011,Alaska,8.91,32,-0.27999999999999936,0,0.0,0.0,0.5700000000000003,-23.0,0.02999999999999936,27.0,-0.33000000000000007,4.0
2012,Alaska,8.73,46,-0.17999999999999972,0,14.0,0.4375,-0.27999999999999936,0.0,0.5700000000000003,-23.0,0.02999999999999936,27.0
2013,Alaska,8.61,55,-0.120000000000001,0,9.0,0.19565217391304346,-0.17999999999999972,14.0,-0.27999999999999936,0.0,0.5700000000000003,-23.0
2014,Alaska,8.47,51,-0.1399999999999988,0,-4.0,-0.07272727272727275,-0.120000000000001,9.0,-0.17999999999999972,14.0,-0.27999999999999936,0.0
2015,Alaska,9.55,46,1.08,1,-5.0,-0.0980392156862745,-0.1399999999999988,-4.0,-0.120000000000001,9.0,-0.17999999999999972,14.0
2002,Arizona,7.4,1700,,0,,,,,,,,
2003,Arizona,7.24,1716,-0.16000000000000014,0,16.0,0.009411764705882453,,,,,,
2004,Arizona,7.05,1730,-0.1900000000000004,0,14.0,0.008158508158508049,-0.16000000000000014,16.0,,,,
2005,Arizona,6.82,1598,-0.22999999999999954,0,-132.0,-0.07630057803468204,-0.1900000000000004,14.0,-0.16000000000000014,16.0,,
2006,Arizona,6.61,1893,-0.20999999999999996,0,295.0,0.18460575719649563,-0.22999999999999954,-132.0,-0.1900000000000004,14.0,-0.16000000000000014,16.0
2007,Arizona,8.42,1826,1.8099999999999996,1,-67.0,-0.03539355520338083,-0.20999999999999996,295.0,-0.22999999999999954,-132.0,-0.1900000000000004,14.0
2008,Arizona,8.29,1893,-0.13000000000000078,0,67.0,0.0366922234392113,1.8099999999999996,-67.0,-0.20999999999999996,295.0,-0.22999999999999954,-132.0
2009,Arizona,8.74,1759,0.45000000000000107,1,-134.0,-0.07078711040676178,-0.13000000000000078,67.0,1.8099999999999996,-67.0,-0.20999999999999996,295.0
2010,Arizona,8.6,2169,-0.14000000000000057,0,410.0,0.23308698123934057,0.45000000000000107,-134.0,-0.13000000000000078,67.0,1.8099999999999996,-67.0
2011,Arizona,8.45,2248,-0.15000000000000036,0,79.0,0.03642231443061328,-0.14000000000000057,410.0,0.45000000000000107,-134.0,-0.13000000000000078,67.0
2012,Arizona,8.62,2370,0.16999999999999993,1,122.0,0.05427046263345203,-0.15000000000000036,79.0,-0.14000000000000057,410.0,0.45000000000000107,-134.0
2013,Arizona,8.66,2427,0.040000000000000924,1,57.0,0.02405063291139231,0.16999999999999993,122.0,-0.15000000000000036,79.0,-0.14000000000000057,410.0
2014,Arizona,8.63,2671,-0.02999999999999936,0,244.0,0.10053564070869392,0.040000000000000924,57.0,0.16999999999999993,122.0,-0.15000000000000036,79.0
2015,Arizona,8.79,2741,0.15999999999999837,1,70.0,0.026207412953949794,-0.02999999999999936,244.0,0.040000000000000924,57.0,0.16999999999999993,122.0
2002,Arkansas,7.4,213,,0,,,,,,,,
2003,Arkansas,7.24,176,-0.16000000000000014,0,-37.0,-0.17370892018779338,,,,,,
2004,Arkansas,7.05,160,-0.1900000000000004,0,-16.0,-0.09090909090909094,-0.16000000000000014,-37.0,,,,
2005,Arkansas,6.82,153,-0.22999999999999954,0,-7.0,-0.043749999999999956,-0.1900000000000004,-16.0,-0.16000000000000014,-37.0,,
2006,Arkansas,6.61,185,-0.20999999999999996,0,32.0,0.20915032679738554,-0.22999999999999954,-7.0,-0.1900000000000004,-16.0,-0.16000000000000014,-37.0
2007,Arkansas,7.8,169,1.1899999999999995,1,-16.0,-0.08648648648648649,-0.20999999999999996,32.0,-0.22999999999999954,-7.0,-0.1900000000000004,-16.0
2008,Arkansas,7.51,152,-0.29000000000000004,0,-17.0,-0.10059171597633132,1.1899999999999995,-16.0,-0.20999999999999996,32.0,-0.22999999999999954,-7.0
2009,Arkansas,7.9,154,0.39000000000000057,1,2.0,0.013157894736842035,-0.29000000000000004,-17.0,1.1899999999999995,-16.0,-0.20999999999999996,32.0
2010,Arkansas,8.6,217,0.6999999999999993,1,63.0,0.40909090909090917,0.39000000000000057,2.0,-0.29000000000000004,-17.0,1.1899999999999995,-16.0
2011,Arkansas,8.34,188,-0.2599999999999998,0,-29.0,-0.13364055299539168,0.6999999999999993,63.0,0.39000000000000057,2.0,-0.29000000000000004,-17.0
2012,Arkansas,8.17,238,-0.16999999999999993,0,50.0,0.26595744680851063,-0.2599999999999998,-29.0,0.6999999999999993,63.0,0.39000000000000057,2.0
2013,Arkansas,8.05,229,-0.11999999999999922,0,-9.0,-0.037815126050420145,-0.16999999999999993,50.0,-0.2599999999999998,-29.0,0.6999999999999993,63.0
2014,Arkansas,7.92,259,-0.13000000000000078,0,30.0,0.13100436681222716,-0.11999999999999922,-9.0,-0.16999999999999993,50.0,-0.2599999999999998,-29.0
2015,Arkansas,8.18,307,0.2599999999999998,1,48.0,0.1853281853281854,-0.13000000000000078,30.0,-0.11999999999999922,-9.0,-0.16999999999999993,50.0
2002,California,9.71,21235,,0,,,,,,,,
2003,California,9.49,22074,-0.22000000000000064,0,839.0,0.03951024252413471,,,,,,
2004,California,9.24,21602,-0.25,0,-472.0,-0.021382622089335834,-0.22000000000000064,839.0,,,,
2005,California,8.94,19662,-0.3000000000000007,0,-1940.0,-0.08980649939820384,-0.25,-472.0,-0.22000000000000064,839.0,,
2006,California,8.66,25044,-0.27999999999999936,0,5382.0,0.27372596887397016,-0.3000000000000007,-1940.0,-0.25,-472.0,-0.22000000000000064,839.0
2007,California,9.36,22601,0.6999999999999993,1,-2443.0,-0.09754831496566041,-0.27999999999999936,5382.0,-0.3000000000000007,-1940.0,-0.25,-472.0
2008,California,9.61,22203,0.25,1,-398.0,-0.0176098402725543,0.6999999999999993,-2443.0,-0.27999999999999936,5382.0,-0.3000000000000007,-1940.0
2009,California,9.65,23356,0.040000000000000924,1,1153.0,0.051929919380264034,0.25,-398.0,0.6999999999999993,-2443.0,-0.27999999999999936,5382.0
2010,California,9.49,30079,-0.16000000000000014,0,6723.0,0.287848946737455,0.040000000000000924,1153.0,0.25,-398.0,0.6999999999999993,-2443.0
2011,California,9.2,30749,-0.2900000000000009,0,670.0,0.022274676684730155,-0.16000000000000014,6723.0,0.040000000000000924,1153.0,0.25,-398.0
2012,California,9.01,34660,-0.1899999999999995,0,3911.0,0.1271911281667697,-0.2900000000000009,670.0,-0.16000000000000014,6723.0,0.040000000000000924,1153.0
2013,California,8.88,39139,-0.129999999999999,0,4479.0,0.12922677437968844,-0.1899999999999995,3911.0,-0.2900000000000009,670.0,-0.16000000000000014,6723.0
2014,California,9.83,43679,0.9499999999999993,1,4540.0,0.11599683180459386,-0.129999999999999,4479.0,-0.1899999999999995,3911.0,-0.2900000000000009,670.0
2015,California,9.82,43609,-0.009999999999999787,0,-70.0,-0.0016026007921426944,0.9499999999999993,4540.0,-0.129999999999999,4479.0,-0.1899999999999995,3911.0
2002,Colorado,7.4,2130,,0,,,,,,,,
2003,Colorado,7.24,2305,-0.16000000000000014,0,175.0,0.0821596244131455,,,,,,
2004,Colorado,7.05,2290,-0.1900000000000004,0,-15.0,-0.006507592190889366,-0.16000000000000014,175.0,,,,
2005,Colorado,6.82,1971,-0.22999999999999954,0,-319.0,-0.13930131004366808,-0.1900000000000004,-15.0,-0.16000000000000014,175.0,,
2006,Colorado,6.61,2348,-0.20999999999999996,0,377.0,0.19127346524606792,-0.22999999999999954,-319.0,-0.1900000000000004,-15.0,-0.16000000000000014,175.0
2007,Colorado,8.55,1983,1.9400000000000004,1,-365.0,-0.15545144804088584,-0.20999999999999996,377.0,-0.22999999999999954,-319.0,-0.1900000000000004,-15.0
2008,Colorado,8.43,1866,-0.120000000000001,0,-117.0,-0.059001512859304106,1.9400000000000004,-365.0,-0.20999999999999996,377.0,-0.22999999999999954,-319.0
2009,Colorado,8.78,1966,0.34999999999999964,1,100.0,0.05359056806002149,-0.120000000000001,-117.0,1.9400000000000004,-365.0,-0.20999999999999996,377.0
2010,Colorado,8.6,2436,-0.17999999999999972,0,470.0,0.23906408952187186,0.34999999999999964,100.0,-0.120000000000001,-117.0,1.9400000000000004,-365.0
2011,Colorado,8.46,2397,-0.1399999999999988,0,-39.0,-0.016009852216748777,-0.17999999999999972,470.0,0.34999999999999964,100.0,-0.120000000000001,-117.0
2012,Colorado,8.61,2745,0.14999999999999858,1,348.0,0.14518147684605753,-0.1399999999999988,-39.0,-0.17999999999999972,470.0,0.34999999999999964,100.0
2013,Colorado,8.64,3176,0.030000000000001137,1,431.0,0.15701275045537333,0.14999999999999858,348.0,-0.1399999999999988,-39.0,-0.17999999999999972,470.0
2014,Colorado,8.74,3555,0.09999999999999964,1,379.0,0.11933249370277088,0.030000000000001137,431.0,0.14999999999999858,348.0,-0.1399999999999988,-39.0
2015,Colorado,8.98,3472,0.2400000000000002,1,-83.0,-0.023347398030942323,0.09999999999999964,379.0,0.030000000000001137,431.0,0.14999999999999858,348.0
2002,Connecticut,9.63,1991,,0,,,,,,,,
2003,Connecticut,9.7,1844,0.06999999999999851,1,-147.0,-0.07383224510296338,,,,,,
2004,Connecticut,9.72,1723,0.02000000000000135,1,-121.0,-0.06561822125813443,0.06999999999999851,-147.0,,,,
2005,Connecticut,9.4,1678,-0.3200000000000003,0,-45.0,-0.0261172373766686,0.02000000000000135,-121.0,0.06999999999999851,-147.0,,
2006,Connecticut,9.49,1857,0.08999999999999986,1,179.0,0.10667461263408828,-0.3200000000000003,-45.0,0.02000000000000135,-121.0,0.06999999999999851,-147.0
2007,Connecticut,9.54,1611,0.049999999999998934,1,-246.0,-0.1324717285945073,0.08999999999999986,179.0,-0.3200000000000003,-45.0,0.02000000000000135,-121.0
2008,Connecticut,9.19,1596,-0.34999999999999964,0,-15.0,-0.009310986964618295,0.049999999999998934,-246.0,0.08999999999999986,179.0,-0.3200000000000003,-45.0
2009,Connecticut,9.65,1661,0.46000000000000085,1,65.0,0.0407268170426065,-0.34999999999999964,-15.0,0.049999999999998934,-246.0,0.08999999999999986,179.0
2010,Connecticut,9.79,2111,0.1399999999999988,1,450.0,0.27092113184828426,0.46000000000000085,65.0,-0.34999999999999964,-15.0,0.049999999999998934,-246.0
2011,Connecticut,9.49,2121,-0.29999999999999893,0,10.0,0.004737091425864426,0.1399999999999988,450.0,0.46000000000000085,65.0,-0.34999999999999964,-15.0
2012,Connecticut,9.29,2297,-0.20000000000000107,0,176.0,0.08297972654408303,-0.29999999999999893,10.0,0.1399999999999988,450.0,0.46000000000000085,65.0
2013,Connecticut,9.16,2376,-0.129999999999999,0,79.0,0.03439268611232049,-0.20000000000000107,176.0,-0.29999999999999893,10.0,0.1399999999999988,450.0
2014,Connecticut,9.51,2502,0.34999999999999964,1,126.0,0.05303030303030298,-0.129999999999999,79.0,-0.20000000000000107,176.0,-0.29999999999999893,10.0
2015,Connecticut,9.99,2367,0.4800000000000004,1,-135.0,-0.0539568345323741,0.34999999999999964,126.0,-0.129999999999999,79.0,-0.20000000000000107,176.0
2002,Delaware,8.84,385,,0,,,,,,,,
2003,Delaware,8.65,372,-0.1899999999999995,0,-13.0,-0.03376623376623378,,,,,,
2004,Delaware,8.42,406,-0.23000000000000043,0,34.0,0.09139784946236551,-0.1899999999999995,-13.0,,,,
2005,Delaware,8.15,341,-0.2699999999999996,0,-65.0,-0.16009852216748766,-0.23000000000000043,34.0,-0.1899999999999995,-13.0,,
2006,Delaware,7.89,396,-0.2600000000000007,0,55.0,0.16129032258064524,-0.2699999999999996,-65.0,-0.23000000000000043,34.0,-0.1899999999999995,-13.0
2007,Delaware,8.3,359,0.41000000000000103,1,-37.0,-0.09343434343434343,-0.2600000000000007,55.0,-0.2699999999999996,-65.0,-0.23000000000000043,34.0
2008,Delaware,8.59,353,0.28999999999999915,1,-6.0,-0.01671309192200554,0.41000000000000103,-37.0,-0.2600000000000007,55.0,-0.2699999999999996,-65.0
2009,Delaware,8.62,343,0.02999999999999936,1,-10.0,-0.028328611898016942,0.28999999999999915,-6.0,0.41000000000000103,-37.0,-0.2600000000000007,55.0
2010,Delaware,8.6,391,-0.019999999999999574,0,48.0,0.13994169096209919,0.02999999999999936,-10.0,0.28999999999999915,-6.0,0.41000000000000103,-37.0
2011,Delaware,8.34,457,-0.2599999999999998,0,66.0,0.1687979539641944,-0.019999999999999574,48.0,0.02999999999999936,-10.0,0.28999999999999915,-6.0
2012,Delaware,8.17,485,-0.16999999999999993,0,28.0,0.06126914660831506,-0.2599999999999998,66.0,-0.019999999999999574,48.0,0.02999999999999936,-10.0
2013,Delaware,8.05,477,-0.11999999999999922,0,-8.0,-0.016494845360824795,-0.16999999999999993,28.0,-0.2599999999999998,66.0,-0.019999999999999574,48.0
2014,Delaware,8.47,466,0.41999999999999993,1,-11.0,-0.023060796645702264,-0.11999999999999922,-8.0,-0.16999999999999993,28.0,-0.2599999999999998,66.0
2015,Delaware,9.0,376,0.5299999999999994,1,-90.0,-0.19313304721030045,0.41999999999999993,-11.0,-0.11999999999999922,-8.0,-0.16999999999999993,28.0
2002,Florida,7.4,2854,,0,,,,,,,,
2003,Florida,7.24,3120,-0.16000000000000014,0,266.0,0.09320252277505259,,,,,,
2004,Florida,7.05,2991,-0.1900000000000004,0,-129.0,-0.04134615384615381,-0.16000000000000014,266.0,,,,
2005,Florida,6.82,2707,-0.22999999999999954,0,-284.0,-0.09495152123035777,-0.1900000000000004,-129.0,-0.16000000000000014,266.0,,
2006,Florida,8.21,3264,1.3900000000000006,1,557.0,0.20576283708902854,-0.22999999999999954,-284.0,-0.1900000000000004,-129.0,-0.16000000000000014,266.0
2007,Florida,8.32,3092,0.10999999999999943,1,-172.0,-0.052696078431372584,1.3900000000000006,557.0,-0.22999999999999954,-284.0,-0.1900000000000004,-129.0
2008,Florida,8.16,2808,-0.16000000000000014,0,-284.0,-0.09184993531694696,0.10999999999999943,-172.0,1.3900000000000006,557.0,-0.22999999999999954,-284.0
2009,Florida,8.69,2899,0.5299999999999994,1,91.0,0.03240740740740744,-0.16000000000000014,-284.0,0.10999999999999943,-172.0,1.3900000000000006,557.0
2010,Florida,8.6,3723,-0.08999999999999986,0,824.0,0.28423594342876846,0.5299999999999994,91.0,-0.16000000000000014,-284.0,0.10999999999999943,-172.0
2011,Florida,8.34,3841,-0.2599999999999998,0,118.0,0.03169486972871338,-0.08999999999999986,824.0,0.5299999999999994,91.0,-0.16000000000000014,-284.0
2012,Florida,8.64,4453,0.3000000000000007,1,612.0,0.15933350689924497,-0.2599999999999998,118.0,-0.08999999999999986,824.0,0.5299999999999994,91.0
2013,Florida,8.65,4761,0.009999999999999787,1,308.0,0.06916685380642273,0.3000000000000007,612.0,-0.2599999999999998,118.0,-0.08999999999999986,824.0
2014,Florida,8.66,5022,0.009999999999999787,1,261.0,0.05482041587901709,0.009999999999999787,308.0,0.3000000000000007,612.0,-0.2599999999999998,118.0
2015,Florida,8.79,4913,0.129999999999999,1,-109.0,-0.021704500199123844,0.009999999999999787,261.0,0.009999999999999787,308.0,0.3000000000000007,612.0
2002,Georgia,7.4,1532,,0,,,,,,,,
2003,Georgia,7.24,1534,-0.16000000000000014,0,2.0,0.0013054830287206887,,,,,,
2004,Georgia,7.05,1492,-0.1900000000000004,0,-42.0,-0.027379400260756248,-0.16000000000000014,2.0,,,,
2005,Georgia,6.82,1358,-0.22999999999999954,0,-134.0,-0.08981233243967823,-0.1900000000000004,-42.0,-0.16000000000000014,2.0,,
2006,Georgia,6.61,1719,-0.20999999999999996,0,361.0,0.26583210603829155,-0.22999999999999954,-134.0,-0.1900000000000004,-42.0,-0.16000000000000014,2.0
2007,Georgia,6.42,1580,-0.1900000000000004,0,-139.0,-0.08086096567771961,-0.20999999999999996,361.0,-0.22999999999999954,-134.0,-0.1900000000000004,-42.0
2008,Georgia,7.03,1586,0.6100000000000003,1,6.0,0.0037974683544304,-0.1900000000000004,-139.0,-0.20999999999999996,361.0,-0.22999999999999954,-134.0
2009,Georgia,7.9,1666,0.8700000000000001,1,80.0,0.05044136191677184,0.6100000000000003,6.0,-0.1900000000000004,-139.0,-0.20999999999999996,361.0
2010,Georgia,8.6,2196,0.6999999999999993,1,530.0,0.3181272509003601,0.8700000000000001,80.0,0.6100000000000003,6.0,-0.1900000000000004,-139.0
2011,Georgia,8.34,2207,-0.2599999999999998,0,11.0,0.005009107468123775,0.6999999999999993,530.0,0.8700000000000001,80.0,0.6100000000000003,6.0
2012,Georgia,8.17,2501,-0.16999999999999993,0,294.0,0.13321250566379694,-0.2599999999999998,11.0,0.6999999999999993,530.0,0.8700000000000001,80.0
2013,Georgia,8.05,2862,-0.11999999999999922,0,361.0,0.14434226309476217,-0.16999999999999993,294.0,-0.2599999999999998,11.0,0.6999999999999993,530.0
2014,Georgia,7.92,2978,-0.13000000000000078,0,116.0,0.040531097134870686,-0.11999999999999922,361.0,-0.16999999999999993,294.0,-0.2599999999999998,11.0
2015,Georgia,7.91,2874,-0.009999999999999787,0,-104.0,-0.0349227669576897,-0.13000000000000078,116.0,-0.11999999999999922,361.0,-0.16999999999999993,294.0
2002,Guam,7.4,2,,0,,,,,,,,
2003,Guam,7.24,0,-0.16000000000000014,0,-2.0,-1.0,,,,,,
2004,Guam,7.05,0,-0.1900000000000004,0,0.0,,-0.16000000000000014,-2.0,,,,
2005,Guam,6.82,0,-0.22999999999999954,0,0.0,,-0.1900000000000004,0.0,-0.16000000000000014,-2.0,,
2006,Guam,6.61,0,-0.20999999999999996,0,0.0,,-0.22999999999999954,0.0,-0.1900000000000004,0.0,-0.16000000000000014,-2.0
2007,Guam,6.42,1,-0.1900000000000004,0,1.0,inf,-0.20999999999999996,0.0,-0.22999999999999954,0.0,-0.1900000000000004,0.0
2008,Guam,7.03,3,0.6100000000000003,1,2.0,2.0,-0.1900000000000004,1.0,-0.20999999999999996,0.0,-0.22999999999999954,0.0
2009,Guam,7.9,1,0.8700000000000001,1,-2.0,-0.6666666666666667,0.6100000000000003,2.0,-0.1900000000000004,1.0,-0.20999999999999996,0.0
2010,Guam,8.6,0,0.6999999999999993,1,-1.0,-1.0,0.8700000000000001,-2.0,0.6100000000000003,2.0,-0.1900000000000004,1.0
2011,Guam,8.34,0,-0.2599999999999998,0,0.0,,0.6999999999999993,-1.0,0.8700000000000001,-2.0,0.6100000000000003,2.0
2012,Guam,8.17,0,-0.16999999999999993,0,0.0,,-0.2599999999999998,0.0,0.6999999999999993,-1.0,0.8700000000000001,-2.0
2013,Guam,8.05,4,-0.11999999999999922,0,4.0,inf,-0.16999999999999993,0.0,-0.2599999999999998,0.0,0.6999999999999993,-1.0
2014,Guam,7.92,3,-0.13000000000000078,0,-1.0,-0.25,-0.11999999999999922,4.0,-0.16999999999999993,0.0,-0.2599999999999998,0.0
2015,Guam,9.0,6,1.08,1,3.0,1.0,-0.13000000000000078,-1.0,-0.11999999999999922,4.0,-0.16999999999999993,0.0
2002,Hawaii,8.27,91,,0,,,,,,,,
2003,Hawaii,8.79,96,0.5199999999999996,1,5.0,0.05494505494505497,,,,,,
2004,Hawaii,8.56,86,-0.22999999999999865,0,-10.0,-0.10416666666666663,0.5199999999999996,5.0,,,,
2005,Hawaii,8.28,58,-0.28000000000000114,0,-28.0,-0.32558139534883723,-0.22999999999999865,-10.0,0.5199999999999996,5.0,,
2006,Hawaii,8.66,101,0.3800000000000008,1,43.0,0.7413793103448276,-0.28000000000000114,-28.0,-0.22999999999999865,-10.0,0.5199999999999996,5.0
2007,Hawaii,9.04,82,0.379999999999999,1,-19.0,-0.18811881188118806,0.3800000000000008,43.0,-0.28000000000000114,-28.0,-0.22999999999999865,-10.0
2008,Hawaii,8.71,101,-0.3299999999999983,0,19.0,0.23170731707317072,0.379999999999999,-19.0,0.3800000000000008,43.0,-0.28000000000000114,-28.0
2009,Hawaii,8.74,96,0.02999999999999936,1,-5.0,-0.04950495049504955,-0.3299999999999983,19.0,0.379999999999999,-19.0,0.3800000000000008,43.0
2010,Hawaii,8.6,144,-0.14000000000000057,0,48.0,0.5,0.02999999999999936,-5.0,-0.3299999999999983,19.0,0.379999999999999,-19.0
2011,Hawaii,8.34,128,-0.2599999999999998,0,-16.0,-0.11111111111111116,-0.14000000000000057,48.0,0.02999999999999936,-5.0,-0.3299999999999983,19.0
2012,Hawaii,8.17,131,-0.16999999999999993,0,3.0,0.0234375,-0.2599999999999998,-16.0,-0.14000000000000057,48.0,0.02999999999999936,-5.0
2013,Hawaii,8.05,146,-0.11999999999999922,0,15.0,0.11450381679389321,-0.16999999999999993,3.0,-0.2599999999999998,-16.0,-0.14000000000000057,48.0
2014,Hawaii,7.92,160,-0.13000000000000078,0,14.0,0.09589041095890405,-0.11999999999999922,15.0,-0.16999999999999993,3.0,-0.2599999999999998,-16.0
2015,Hawaii,8.46,166,0.5400000000000009,1,6.0,0.03750000000000009,-0.13000000000000078,14.0,-0.11999999999999922,15.0,-0.16999999999999993,3.0
2002,Idaho,7.4,1877,,0,,,,,,,,
2003,Idaho,7.24,1850,-0.16000000000000014,0,-27.0,-0.014384656366542403,,,,,,
2004,Idaho,7.05,1822,-0.1900000000000004,0,-28.0,-0.015135135135135092,-0.16000000000000014,-27.0,,,,
2005,Idaho,6.82,1549,-0.22999999999999954,0,-273.0,-0.14983534577387492,-0.1900000000000004,-28.0,-0.16000000000000014,-27.0,,
2006,Idaho,6.61,1717,-0.20999999999999996,0,168.0,0.10845706907682384,-0.22999999999999954,-273.0,-0.1900000000000004,-28.0,-0.16000000000000014,-27.0
2007,Idaho,6.42,1388,-0.1900000000000004,0,-329.0,-0.19161327897495628,-0.20999999999999996,168.0,-0.22999999999999954,-273.0,-0.1900000000000004,-28.0
2008,Idaho,7.03,1207,0.6100000000000003,1,-181.0,-0.1304034582132565,-0.1900000000000004,-329.0,-0.20999999999999996,168.0,-0.22999999999999954,-273.0
2009,Idaho,7.9,985,0.8700000000000001,1,-222.0,-0.18392709196354595,0.6100000000000003,-181.0,-0.1900000000000004,-329.0,-0.20999999999999996,168.0
2010,Idaho,8.6,1162,0.6999999999999993,1,177.0,0.1796954314720811,0.8700000000000001,-222.0,0.6100000000000003,-181.0,-0.1900000000000004,-329.0
2011,Idaho,8.34,1089,-0.2599999999999998,0,-73.0,-0.06282271944922546,0.6999999999999993,177.0,0.8700000000000001,-222.0,0.6100000000000003,-181.0
2012,Idaho,8.17,979,-0.16999999999999993,0,-110.0,-0.101010101010101,-0.2599999999999998,-73.0,0.6999999999999993,177.0,0.8700000000000001,-222.0
2013,Idaho,8.05,1029,-0.11999999999999922,0,50.0,0.05107252298263543,-0.16999999999999993,-110.0,-0.2599999999999998,-73.0,0.6999999999999993,177.0
2014,Idaho,7.92,1045,-0.13000000000000078,0,16.0,0.01554907677356665,-0.11999999999999922,50.0,-0.16999999999999993,-110.0,-0.2599999999999998,-73.0
2015,Idaho,7.91,909,-0.009999999999999787,0,-136.0,-0.13014354066985645,-0.13000000000000078,16.0,-0.11999999999999922,50.0,-0.16999999999999993,-110.0
2002,Illinois,7.4,3937,,0,,,,,,,,
2003,Illinois,7.24,3961,-0.16000000000000014,0,24.0,0.00609601219202438,,,,,,
2004,Illinois,7.53,3754,0.29000000000000004,1,-207.0,-0.05225953042161069,-0.16000000000000014,24.0,,,,
2005,Illinois,8.61,3297,1.0799999999999992,1,-457.0,-0.12173681406499737,0.29000000000000004,-207.0,-0.16000000000000014,24.0,,
2006,Illinois,8.34,4053,-0.2699999999999996,0,756.0,0.2292993630573248,1.0799999999999992,-457.0,0.29000000000000004,-207.0,-0.16000000000000014,24.0
2007,Illinois,9.36,3712,1.0199999999999996,1,-341.0,-0.08413520848754008,-0.2699999999999996,756.0,1.0799999999999992,-457.0,0.29000000000000004,-207.0
2008,Illinois,9.31,3581,-0.049999999999998934,0,-131.0,-0.0352909482758621,1.0199999999999996,-341.0,-0.2699999999999996,756.0,1.0799999999999992,-457.0
2009,Illinois,9.65,3615,0.33999999999999986,1,34.0,0.009494554593688864,-0.049999999999998934,-131.0,1.0199999999999996,-341.0,-0.2699999999999996,756.0
2010,Illinois,9.79,4374,0.1399999999999988,1,759.0,0.2099585062240663,0.33999999999999986,34.0,-0.049999999999998934,-131.0,1.0199999999999996,-341.0
2011,Illinois,9.49,4594,-0.29999999999999893,0,220.0,0.050297210791037994,0.1399999999999988,759.0,0.33999999999999986,34.0,-0.049999999999998934,-131.0
2012,Illinois,9.29,5078,-0.20000000000000107,0,484.0,0.10535481062255125,-0.29999999999999893,220.0,0.1399999999999988,759.0,0.33999999999999986,34.0
2013,Illinois,9.16,5357,-0.129999999999999,0,279.0,0.05494289090192983,-0.20000000000000107,484.0,-0.29999999999999893,220.0,0.1399999999999988,759.0
2014,Illinois,9.01,5924,-0.15000000000000036,0,567.0,0.10584282247526611,-0.129999999999999,279.0,-0.20000000000000107,484.0,-0.29999999999999893,220.0
2015,Illinois,9.0,5862,-0.009999999999999787,0,-62.0,-0.010465901417960888,-0.15000000000000036,567.0,-0.129999999999999,279.0,-0.20000000000000107,484.0
2002,Indiana,7.4,1745,,0,,,,,,,,
2003,Indiana,7.24,1679,-0.16000000000000014,0,-66.0,-0.037822349570200586,,,,,,
2004,Indiana,7.05,1485,-0.1900000000000004,0,-194.0,-0.11554496724240615,-0.16000000000000014,-66.0,,,,
2005,Indiana,6.82,1246,-0.22999999999999954,0,-239.0,-0.16094276094276094,-0.1900000000000004,-194.0,-0.16000000000000014,-66.0,,
2006,Indiana,6.61,1499,-0.20999999999999996,0,253.0,0.2030497592295346,-0.22999999999999954,-239.0,-0.1900000000000004,-194.0,-0.16000000000000014,-66.0
2007,Indiana,6.42,1385,-0.1900000000000004,0,-114.0,-0.07605070046697804,-0.20999999999999996,253.0,-0.22999999999999954,-239.0,-0.1900000000000004,-194.0
2008,Indiana,7.03,1196,0.6100000000000003,1,-189.0,-0.13646209386281594,-0.1900000000000004,-114.0,-0.20999999999999996,253.0,-0.22999999999999954,-239.0
2009,Indiana,7.9,1246,0.8700000000000001,1,50.0,0.041806020066889715,0.6100000000000003,-189.0,-0.1900000000000004,-114.0,-0.20999999999999996,253.0
2010,Indiana,8.6,1697,0.6999999999999993,1,451.0,0.3619582664526484,0.8700000000000001,50.0,0.6100000000000003,-189.0,-0.1900000000000004,-114.0
2011,Indiana,8.34,1633,-0.2599999999999998,0,-64.0,-0.037713612256923934,0.6999999999999993,451.0,0.8700000000000001,50.0,0.6100000000000003,-189.0
2012,Indiana,8.17,1963,-0.16999999999999993,0,330.0,0.20208205756276798,-0.2599999999999998,-64.0,0.6999999999999993,451.0,0.8700000000000001,50.0
2013,Indiana,8.05,2167,-0.11999999999999922,0,204.0,0.10392256749872653,-0.16999999999999993,330.0,-0.2599999999999998,-64.0,0.6999999999999993,451.0
2014,Indiana,7.92,2265,-0.13000000000000078,0,98.0,0.045223811721273544,-0.11999999999999922,204.0,-0.16999999999999993,330.0,-0.2599999999999998,-64.0
2015,Indiana,7.91,2278,-0.009999999999999787,0,13.0,0.005739514348785946,-0.13000000000000078,98.0,-0.11999999999999922,204.0,-0.16999999999999993,330.0
2002,Iowa,7.4,681,,0,,,,,,,,
2003,Iowa,7.24,711,-0.16000000000000014,0,30.0,0.044052863436123246,,,,,,
2004,Iowa,7.05,736,-0.1900000000000004,0,25.0,0.035161744022503605,-0.16000000000000014,30.0,,,,
2005,Iowa,6.82,629,-0.22999999999999954,0,-107.0,-0.14538043478260865,-0.1900000000000004,25.0,-0.16000000000000014,30.0,,
2006,Iowa,6.61,732,-0.20999999999999996,0,103.0,0.16375198728139906,-0.22999999999999954,-107.0,-0.1900000000000004,25.0,-0.16000000000000014,30.0
2007,Iowa,6.42,664,-0.1900000000000004,0,-68.0,-0.09289617486338797,-0.20999999999999996,103.0,-0.22999999999999954,-107.0,-0.1900000000000004,25.0
2008,Iowa,8.71,645,2.290000000000001,1,-19.0,-0.028614457831325324,-0.1900000000000004,-68.0,-0.20999999999999996,103.0,-0.22999999999999954,-107.0
2009,Iowa,8.74,730,0.02999999999999936,1,85.0,0.13178294573643412,2.290000000000001,-19.0,-0.1900000000000004,-68.0,-0.20999999999999996,103.0
2010,Iowa,8.6,809,-0.14000000000000057,0,79.0,0.10821917808219172,0.02999999999999936,85.0,2.290000000000001,-19.0,-0.1900000000000004,-68.0
2011,Iowa,8.34,856,-0.2599999999999998,0,47.0,0.05809641532756493,-0.14000000000000057,79.0,0.02999999999999936,85.0,2.290000000000001,-19.0
2012,Iowa,8.17,914,-0.16999999999999993,0,58.0,0.06775700934579443,-0.2599999999999998,47.0,-0.14000000000000057,79.0,0.02999999999999936,85.0
2013,Iowa,8.05,996,-0.11999999999999922,0,82.0,0.0897155361050328,-0.16999999999999993,58.0,-0.2599999999999998,47.0,-0.14000000000000057,79.0
2014,Iowa,7.92,1057,-0.13000000000000078,0,61.0,0.06124497991967881,-0.11999999999999922,82.0,-0.16999999999999993,58.0,-0.2599999999999998,47.0
2015,Iowa,7.91,1078,-0.009999999999999787,0,21.0,0.019867549668874274,-0.13000000000000078,61.0,-0.11999999999999922,82.0,-0.16999999999999993,58.0
2002,Kansas,7.4,503,,0,,,,,,,,
2003,Kansas,7.24,491,-0.16000000000000014,0,-12.0,-0.02385685884691846,,,,,,
2004,Kansas,7.05,540,-0.1900000000000004,0,49.0,0.09979633401221988,-0.16000000000000014,-12.0,,,,
2005,Kansas,6.82,456,-0.22999999999999954,0,-84.0,-0.15555555555555556,-0.1900000000000004,49.0,-0.16000000000000014,-12.0,,
2006,Kansas,6.61,581,-0.20999999999999996,0,125.0,0.2741228070175439,-0.22999999999999954,-84.0,-0.1900000000000004,49.0,-0.16000000000000014,-12.0
2007,Kansas,6.42,523,-0.1900000000000004,0,-58.0,-0.09982788296041312,-0.20999999999999996,125.0,-0.22999999999999954,-84.0,-0.1900000000000004,49.0
2008,Kansas,7.03,544,0.6100000000000003,1,21.0,0.040152963671128195,-0.1900000000000004,-58.0,-0.20999999999999996,125.0,-0.22999999999999954,-84.0
2009,Kansas,7.9,509,0.8700000000000001,1,-35.0,-0.06433823529411764,0.6100000000000003,21.0,-0.1900000000000004,-58.0,-0.20999999999999996,125.0
2010,Kansas,8.6,728,0.6999999999999993,1,219.0,0.43025540275049123,0.8700000000000001,-35.0,0.6100000000000003,21.0,-0.1900000000000004,-58.0
2011,Kansas,8.34,805,-0.2599999999999998,0,77.0,0.10576923076923084,0.6999999999999993,219.0,0.8700000000000001,-35.0,0.6100000000000003,21.0
2012,Kansas,8.17,1100,-0.16999999999999993,0,295.0,0.36645962732919246,-0.2599999999999998,77.0,0.6999999999999993,219.0,0.8700000000000001,-35.0
2013,Kansas,8.05,1088,-0.11999999999999922,0,-12.0,-0.010909090909090868,-0.16999999999999993,295.0,-0.2599999999999998,77.0,0.6999999999999993,219.0
2014,Kansas,7.92,1036,-0.13000000000000078,0,-52.0,-0.047794117647058876,-0.11999999999999922,-12.0,-0.16999999999999993,295.0,-0.2599999999999998,77.0
2015,Kansas,7.91,1001,-0.009999999999999787,0,-35.0,-0.03378378378378377,-0.13000000000000078,-52.0,-0.11999999999999922,-12.0,-0.16999999999999993,295.0
2002,Kentucky,7.4,496,,0,,,,,,,,
2003,Kentucky,7.24,497,-0.16000000000000014,0,1.0,0.002016129032258007,,,,,,
2004,Kentucky,7.05,463,-0.1900000000000004,0,-34.0,-0.06841046277665996,-0.16000000000000014,1.0,,,,
2005,Kentucky,6.82,377,-0.22999999999999954,0,-86.0,-0.18574514038876888,-0.1900000000000004,-34.0,-0.16000000000000014,1.0,,
2006,Kentucky,6.61,471,-0.20999999999999996,0,94.0,0.24933687002652527,-0.22999999999999954,-86.0,-0.1900000000000004,-34.0,-0.16000000000000014,1.0
2007,Kentucky,6.42,505,-0.1900000000000004,0,34.0,0.0721868365180467,-0.20999999999999996,94.0,-0.22999999999999954,-86.0,-0.1900000000000004,-34.0
2008,Kentucky,7.03,469,0.6100000000000003,1,-36.0,-0.07128712871287124,-0.1900000000000004,34.0,-0.20999999999999996,94.0,-0.22999999999999954,-86.0
2009,Kentucky,7.9,457,0.8700000000000001,1,-12.0,-0.02558635394456288,0.6100000000000003,-36.0,-0.1900000000000004,34.0,-0.20999999999999996,94.0
2010,Kentucky,8.6,601,0.6999999999999993,1,144.0,0.3150984682713347,0.8700000000000001,-12.0,0.6100000000000003,-36.0,-0.1900000000000004,34.0
2011,Kentucky,8.34,551,-0.2599999999999998,0,-50.0,-0.08319467554076543,0.6999999999999993,144.0,0.8700000000000001,-12.0,0.6100000000000003,-36.0
2012,Kentucky,8.17,620,-0.16999999999999993,0,69.0,0.12522686025408358,-0.2599999999999998,-50.0,0.6999999999999993,144.0,0.8700000000000001,-12.0
2013,Kentucky,8.05,625,-0.11999999999999922,0,5.0,0.008064516129032251,-0.16999999999999993,69.0,-0.2599999999999998,-50.0,0.6999999999999993,144.0
2014,Kentucky,7.92,714,-0.13000000000000078,0,89.0,0.14240000000000008,-0.11999999999999922,5.0,-0.16999999999999993,69.0,-0.2599999999999998,-50.0
2015,Kentucky,7.91,716,-0.009999999999999787,0,2.0,0.0028011204481792618,-0.13000000000000078,89.0,-0.11999999999999922,5.0,-0.16999999999999993,69.0
2002,Louisiana,7.4,484,,0,,,,,,,,
2003,Louisiana,7.24,439,-0.16000000000000014,0,-45.0,-0.09297520661157022,,,,,,
2004,Louisiana,7.05,387,-0.1900000000000004,0,-52.0,-0.1184510250569476,-0.16000000000000014,-45.0,,,,
2005,Louisiana,6.82,298,-0.22999999999999954,0,-89.0,-0.22997416020671835,-0.1900000000000004,-52.0,-0.16000000000000014,-45.0,,
2006,Louisiana,6.61,365,-0.20999999999999996,0,67.0,0.22483221476510074,-0.22999999999999954,-89.0,-0.1900000000000004,-52.0,-0.16000000000000014,-45.0
2007,Louisiana,6.42,294,-0.1900000000000004,0,-71.0,-0.19452054794520546,-0.20999999999999996,67.0,-0.22999999999999954,-89.0,-0.1900000000000004,-52.0
2008,Louisiana,7.03,322,0.6100000000000003,1,28.0,0.09523809523809534,-0.1900000000000004,-71.0,-0.20999999999999996,67.0,-0.22999999999999954,-89.0
2009,Louisiana,7.9,315,0.8700000000000001,1,-7.0,-0.021739130434782594,0.6100000000000003,28.0,-0.1900000000000004,-71.0,-0.20999999999999996,67.0
2010,Louisiana,8.6,355,0.6999999999999993,1,40.0,0.12698412698412698,0.8700000000000001,-7.0,0.6100000000000003,28.0,-0.1900000000000004,-71.0
2011,Louisiana,8.34,368,-0.2599999999999998,0,13.0,0.036619718309859106,0.6999999999999993,40.0,0.8700000000000001,-7.0,0.6100000000000003,28.0
2012,Louisiana,8.17,445,-0.16999999999999993,0,77.0,0.2092391304347827,-0.2599999999999998,13.0,0.6999999999999993,40.0,0.8700000000000001,-7.0
2013,Louisiana,8.05,439,-0.11999999999999922,0,-6.0,-0.013483146067415741,-0.16999999999999993,77.0,-0.2599999999999998,13.0,0.6999999999999993,40.0
2014,Louisiana,7.92,487,-0.13000000000000078,0,48.0,0.1093394077448746,-0.11999999999999922,-6.0,-0.16999999999999993,77.0,-0.2599999999999998,13.0
2015,Louisiana,7.91,446,-0.009999999999999787,0,-41.0,-0.08418891170431209,-0.13000000000000078,48.0,-0.11999999999999922,-6.0,-0.16999999999999993,77.0
2002,Maine,8.27,168,,0,,,,,,,,
2003,Maine,8.79,164,0.5199999999999996,1,-4.0,-0.023809523809523836,,,,,,
2004,Maine,8.56,138,-0.22999999999999865,0,-26.0,-0.1585365853658537,0.5199999999999996,-4.0,,,,
2005,Maine,8.41,159,-0.15000000000000036,0,21.0,0.15217391304347827,-0.22999999999999865,-26.0,0.5199999999999996,-4.0,,
2006,Maine,8.34,156,-0.07000000000000028,0,-3.0,-0.018867924528301883,-0.15000000000000036,21.0,-0.22999999999999865,-26.0,0.5199999999999996,-4.0
2007,Maine,8.42,126,0.08000000000000007,1,-30.0,-0.1923076923076923,-0.07000000000000028,-3.0,-0.15000000000000036,21.0,-0.22999999999999865,-26.0
2008,Maine,8.41,136,-0.009999999999999787,0,10.0,0.0793650793650793,0.08000000000000007,-30.0,-0.07000000000000028,-3.0,-0.15000000000000036,21.0
2009,Maine,8.74,130,0.33000000000000007,1,-6.0,-0.044117647058823484,-0.009999999999999787,10.0,0.08000000000000007,-30.0,-0.07000000000000028,-3.0
2010,Maine,8.9,220,0.16000000000000014,1,90.0,0.6923076923076923,0.33000000000000007,-6.0,-0.009999999999999787,10.0,0.08000000000000007,-30.0
2011,Maine,8.62,202,-0.28000000000000114,0,-18.0,-0.08181818181818179,0.16000000000000014,90.0,0.33000000000000007,-6.0,-0.009999999999999787,10.0
2012,Maine,8.45,222,-0.16999999999999993,0,20.0,0.0990099009900991,-0.28000000000000114,-18.0,0.16000000000000014,90.0,0.33000000000000007,-6.0
2013,Maine,8.33,243,-0.11999999999999922,0,21.0,0.09459459459459452,-0.16999999999999993,20.0,-0.28000000000000114,-18.0,0.16000000000000014,90.0
2014,Maine,8.19,222,-0.14000000000000057,0,-21.0,-0.0864197530864198,-0.11999999999999922,21.0,-0.16999999999999993,20.0,-0.28000000000000114,-18.0
2015,Maine,8.18,226,-0.009999999999999787,0,4.0,0.018018018018018056,-0.14000000000000057,-21.0,-0.11999999999999922,21.0,-0.16999999999999993,20.0
2002,Maryland,7.4,1612,,0,,,,,,,,
2003,Maryland,7.24,1579,-0.16000000000000014,0,-33.0,-0.020471464019851116,,,,,,
2004,Maryland,7.05,1440,-0.1900000000000004,0,-139.0,-0.0880303989867004,-0.16000000000000014,-33.0,,,,
2005,Maryland,6.82,1284,-0.22999999999999954,0,-156.0,-0.10833333333333328,-0.1900000000000004,-139.0,-0.16000000000000014,-33.0,,
2006,Maryland,6.61,1558,-0.20999999999999996,0,274.0,0.21339563862928346,-0.22999999999999954,-156.0,-0.1900000000000004,-139.0,-0.16000000000000014,-33.0
2007,Maryland,7.67,1409,1.0599999999999996,1,-149.0,-0.09563543003851094,-0.20999999999999996,274.0,-0.22999999999999954,-156.0,-0.1900000000000004,-139.0
2008,Maryland,7.39,1429,-0.28000000000000025,0,20.0,0.01419446415897796,1.0599999999999996,-149.0,-0.20999999999999996,274.0,-0.22999999999999954,-156.0
2009,Maryland,7.9,1445,0.5100000000000007,1,16.0,0.011196641007697794,-0.28000000000000025,20.0,1.0599999999999996,-149.0,-0.20999999999999996,274.0
2010,Maryland,8.6,1732,0.6999999999999993,1,287.0,0.19861591695501724,0.5100000000000007,16.0,-0.28000000000000025,20.0,1.0599999999999996,-149.0
2011,Maryland,8.34,1641,-0.2599999999999998,0,-91.0,-0.052540415704387944,0.6999999999999993,287.0,0.5100000000000007,16.0,-0.28000000000000025,20.0
2012,Maryland,8.17,1715,-0.16999999999999993,0,74.0,0.04509445460085315,-0.2599999999999998,-91.0,0.6999999999999993,287.0,0.5100000000000007,16.0
2013,Maryland,8.05,1889,-0.11999999999999922,0,174.0,0.10145772594752178,-0.16999999999999993,74.0,-0.2599999999999998,-91.0,0.6999999999999993,287.0
2014,Maryland,7.92,2005,-0.13000000000000078,0,116.0,0.0614081524616199,-0.11999999999999922,174.0,-0.16999999999999993,74.0,-0.2599999999999998,-91.0
2015,Maryland,9.0,1964,1.08,1,-41.0,-0.02044887780548632,-0.13000000000000078,116.0,-0.11999999999999922,174.0,-0.16999999999999993,74.0
2002,Massachusetts,9.71,3837,,0,,,,,,,,
2003,Massachusetts,9.49,4191,-0.22000000000000064,0,354.0,0.09225957779515248,,,,,,
2004,Massachusetts,9.24,3906,-0.25,0,-285.0,-0.06800286327845384,-0.22000000000000064,354.0,,,,
2005,Massachusetts,8.94,3303,-0.3000000000000007,0,-603.0,-0.15437788018433185,-0.25,-285.0,-0.22000000000000064,354.0,,
2006,Massachusetts,8.66,4369,-0.27999999999999936,0,1066.0,0.3227369058431728,-0.3000000000000007,-603.0,-0.25,-285.0,-0.22000000000000064,354.0
2007,Massachusetts,9.36,3837,0.6999999999999993,1,-532.0,-0.12176699473563746,-0.27999999999999936,1066.0,-0.3000000000000007,-603.0,-0.25,-285.0
2008,Massachusetts,9.61,3897,0.25,1,60.0,0.015637216575449475,0.6999999999999993,-532.0,-0.27999999999999936,1066.0,-0.3000000000000007,-603.0
2009,Massachusetts,9.65,4038,0.040000000000000924,1,141.0,0.03618167821401075,0.25,60.0,0.6999999999999993,-532.0,-0.27999999999999936,1066.0
2010,Massachusetts,9.49,5261,-0.16000000000000014,0,1223.0,0.30287270926201093,0.040000000000000924,141.0,0.25,60.0,0.6999999999999993,-532.0
2011,Massachusetts,9.2,5526,-0.2900000000000009,0,265.0,0.05037065196730661,-0.16000000000000014,1223.0,0.040000000000000924,141.0,0.25,60.0
2012,Massachusetts,9.01,6119,-0.1899999999999995,0,593.0,0.10731089395584514,-0.2900000000000009,265.0,-0.16000000000000014,1223.0,0.040000000000000924,141.0
2013,Massachusetts,8.88,6767,-0.129999999999999,0,648.0,0.10589965680666769,-0.1899999999999995,593.0,-0.2900000000000009,265.0,-0.16000000000000014,1223.0
2014,Massachusetts,8.74,7079,-0.14000000000000057,0,312.0,0.0461061031476282,-0.129999999999999,648.0,-0.1899999999999995,593.0,-0.2900000000000009,265.0
2015,Massachusetts,9.82,7234,1.08,1,155.0,0.02189574798700389,-0.14000000000000057,312.0,-0.129999999999999,648.0,-0.1899999999999995,593.0
2002,Michigan,7.4,4234,,0,,,,,,,,
2003,Michigan,7.24,4222,-0.16000000000000014,0,-12.0,-0.0028341993386867825,,,,,,
2004,Michigan,7.05,4121,-0.1900000000000004,0,-101.0,-0.023922311700615873,-0.16000000000000014,-12.0,,,,
2005,Michigan,6.82,3665,-0.22999999999999954,0,-456.0,-0.11065275418587717,-0.1900000000000004,-101.0,-0.16000000000000014,-12.0,,
2006,Michigan,6.61,4179,-0.20999999999999996,0,514.0,0.14024556616643924,-0.22999999999999954,-456.0,-0.1900000000000004,-101.0,-0.16000000000000014,-12.0
2007,Michigan,8.67,3695,2.0599999999999996,1,-484.0,-0.11581718114381434,-0.20999999999999996,514.0,-0.22999999999999954,-456.0,-0.1900000000000004,-101.0
2008,Michigan,8.59,3584,-0.08000000000000007,0,-111.0,-0.03004059539918813,2.0599999999999996,-484.0,-0.20999999999999996,514.0,-0.22999999999999954,-456.0
2009,Michigan,8.92,3516,0.33000000000000007,1,-68.0,-0.0189732142857143,-0.08000000000000007,-111.0,2.0599999999999996,-484.0,-0.20999999999999996,514.0
2010,Michigan,8.78,4277,-0.14000000000000057,0,761.0,0.2164391353811148,0.33000000000000007,-68.0,-0.08000000000000007,-111.0,2.0599999999999996,-484.0
2011,Michigan,8.51,4397,-0.2699999999999996,0,120.0,0.028057049333645168,-0.14000000000000057,761.0,0.33000000000000007,-68.0,-0.08000000000000007,-111.0
2012,Michigan,8.34,4997,-0.16999999999999993,0,600.0,0.1364566750056857,-0.2699999999999996,120.0,-0.14000000000000057,761.0,0.33000000000000007,-68.0
2013,Michigan,8.22,5640,-0.11999999999999922,0,643.0,0.1286772063237942,-0.16999999999999993,600.0,-0.2699999999999996,120.0,-0.14000000000000057,761.0
2014,Michigan,8.9,5822,0.6799999999999997,1,182.0,0.032269503546099365,-0.11999999999999922,643.0,-0.16999999999999993,600.0,-0.2699999999999996,120.0
2015,Michigan,8.89,6184,-0.009999999999999787,0,362.0,0.0621779457231193,0.6799999999999997,182.0,-0.11999999999999922,643.0,-0.16999999999999993,600.0
2002,Minnesota,7.4,2976,,0,,,,,,,,
2003,Minnesota,7.24,3260,-0.16000000000000014,0,284.0,0.09543010752688175,,,,,,
2004,Minnesota,7.05,2996,-0.1900000000000004,0,-264.0,-0.08098159509202452,-0.16000000000000014,284.0,,,,
2005,Minnesota,6.82,2582,-0.22999999999999954,0,-414.0,-0.13818424566088117,-0.1900000000000004,-264.0,-0.16000000000000014,284.0,,
2006,Minnesota,6.74,3268,-0.08000000000000007,0,686.0,0.26568551510457006,-0.22999999999999954,-414.0,-0.1900000000000004,-264.0,-0.16000000000000014,284.0
2007,Minnesota,6.55,2920,-0.1900000000000004,0,-348.0,-0.10648714810281523,-0.08000000000000007,686.0,-0.22999999999999954,-414.0,-0.1900000000000004,-264.0
2008,Minnesota,7.03,2869,0.4800000000000004,1,-51.0,-0.017465753424657504,-0.1900000000000004,-348.0,-0.08000000000000007,686.0,-0.22999999999999954,-414.0
2009,Minnesota,7.9,2972,0.8700000000000001,1,103.0,0.035901010805158506,0.4800000000000004,-51.0,-0.1900000000000004,-348.0,-0.08000000000000007,686.0
2010,Minnesota,8.6,4005,0.6999999999999993,1,1033.0,0.34757738896366086,0.8700000000000001,103.0,0.4800000000000004,-51.0,-0.1900000000000004,-348.0
2011,Minnesota,8.34,4227,-0.2599999999999998,0,222.0,0.05543071161048685,0.6999999999999993,1033.0,0.8700000000000001,103.0,0.4800000000000004,-51.0
2012,Minnesota,8.17,4278,-0.16999999999999993,0,51.0,0.012065294535131388,-0.2599999999999998,222.0,0.6999999999999993,1033.0,0.8700000000000001,103.0
2013,Minnesota,8.05,4789,-0.11999999999999922,0,511.0,0.11944834034595608,-0.16999999999999993,51.0,-0.2599999999999998,222.0,0.6999999999999993,1033.0
2014,Minnesota,7.92,5082,-0.13000000000000078,0,293.0,0.061181875130507324,-0.11999999999999922,511.0,-0.16999999999999993,51.0,-0.2599999999999998,222.0
2015,Minnesota,7.91,4852,-0.009999999999999787,0,-230.0,-0.045257772530499785,-0.13000000000000078,293.0,-0.11999999999999922,511.0,-0.16999999999999993,51.0
2002,Mississippi,7.4,180,,0,,,,,,,,
2003,Mississippi,7.24,185,-0.16000000000000014,0,5.0,0.02777777777777768,,,,,,
2004,Mississippi,7.05,160,-0.1900000000000004,0,-25.0,-0.1351351351351351,-0.16000000000000014,5.0,,,,
2005,Mississippi,6.82,127,-0.22999999999999954,0,-33.0,-0.20625000000000004,-0.1900000000000004,-25.0,-0.16000000000000014,5.0,,
2006,Mississippi,6.61,153,-0.20999999999999996,0,26.0,0.20472440944881898,-0.22999999999999954,-33.0,-0.1900000000000004,-25.0,-0.16000000000000014,5.0
2007,Mississippi,6.42,184,-0.1900000000000004,0,31.0,0.20261437908496727,-0.20999999999999996,26.0,-0.22999999999999954,-33.0,-0.1900000000000004,-25.0
2008,Mississippi,7.03,142,0.6100000000000003,1,-42.0,-0.2282608695652174,-0.1900000000000004,31.0,-0.20999999999999996,26.0,-0.22999999999999954,-33.0
2009,Mississippi,7.9,144,0.8700000000000001,1,2.0,0.014084507042253502,0.6100000000000003,-42.0,-0.1900000000000004,31.0,-0.20999999999999996,26.0
2010,Mississippi,8.6,172,0.6999999999999993,1,28.0,0.19444444444444442,0.8700000000000001,2.0,0.6100000000000003,-42.0,-0.1900000000000004,31.0
2011,Mississippi,8.34,172,-0.2599999999999998,0,0.0,0.0,0.6999999999999993,28.0,0.8700000000000001,2.0,0.6100000000000003,-42.0
2012,Mississippi,8.17,161,-0.16999999999999993,0,-11.0,-0.06395348837209303,-0.2599999999999998,0.0,0.6999999999999993,28.0,0.8700000000000001,2.0
2013,Mississippi,8.05,178,-0.11999999999999922,0,17.0,0.10559006211180133,-0.16999999999999993,-11.0,-0.2599999999999998,0.0,0.6999999999999993,28.0
2014,Mississippi,7.92,177,-0.13000000000000078,0,-1.0,-0.005617977528089901,-0.11999999999999922,17.0,-0.16999999999999993,-11.0,-0.2599999999999998,0.0
2015,Mississippi,7.91,174,-0.009999999999999787,0,-3.0,-0.016949152542372836,-0.13000000000000078,-1.0,-0.11999999999999922,17.0,-0.16999999999999993,-11.0
2002,Missouri,7.4,962,,0,,,,,,,,
2003,Missouri,7.24,946,-0.16000000000000014,0,-16.0,-0.016632016632016633,,,,,,
2004,Missouri,7.05,895,-0.1900000000000004,0,-51.0,-0.05391120507399583,-0.16000000000000014,-16.0,,,,
2005,Missouri,6.82,732,-0.22999999999999954,0,-163.0,-0.18212290502793294,-0.1900000000000004,-51.0,-0.16000000000000014,-16.0,,
2006,Missouri,6.61,863,-0.20999999999999996,0,131.0,0.1789617486338797,-0.22999999999999954,-163.0,-0.1900000000000004,-51.0,-0.16000000000000014,-16.0
2007,Missouri,8.11,861,1.4999999999999991,1,-2.0,-0.002317497103128674,-0.20999999999999996,131.0,-0.22999999999999954,-163.0,-0.1900000000000004,-51.0
2008,Missouri,7.99,787,-0.11999999999999922,0,-74.0,-0.08594657375145176,1.4999999999999991,-2.0,-0.20999999999999996,131.0,-0.22999999999999954,-163.0
2009,Missouri,8.5,877,0.5099999999999998,1,90.0,0.11435832274459967,-0.11999999999999922,-74.0,1.4999999999999991,-2.0,-0.20999999999999996,131.0
2010,Missouri,8.6,1140,0.09999999999999964,1,263.0,0.2998859749144811,0.5099999999999998,90.0,-0.11999999999999922,-74.0,1.4999999999999991,-2.0
2011,Missouri,8.34,1004,-0.2599999999999998,0,-136.0,-0.11929824561403513,0.09999999999999964,263.0,0.5099999999999998,90.0,-0.11999999999999922,-74.0
2012,Missouri,8.17,1165,-0.16999999999999993,0,161.0,0.16035856573705187,-0.2599999999999998,-136.0,0.09999999999999964,263.0,0.5099999999999998,90.0
2013,Missouri,8.16,1301,-0.009999999999999787,0,136.0,0.11673819742489266,-0.16999999999999993,161.0,-0.2599999999999998,-136.0,0.09999999999999964,263.0
2014,Missouri,8.19,1419,0.02999999999999936,1,118.0,0.09069946195234424,-0.009999999999999787,136.0,-0.16999999999999993,161.0,-0.2599999999999998,-136.0
2015,Missouri,8.35,1251,0.16000000000000014,1,-168.0,-0.11839323467230445,0.02999999999999936,118.0,-0.009999999999999787,136.0,-0.16999999999999993,161.0
2002,Montana,7.4,152,,0,,,,,,,,
2003,Montana,7.24,125,-0.16000000000000014,0,-27.0,-0.17763157894736847,,,,,,
2004,Montana,7.05,131,-0.1900000000000004,0,6.0,0.04800000000000004,-0.16000000000000014,-27.0,,,,
2005,Montana,6.82,119,-0.22999999999999954,0,-12.0,-0.09160305343511455,-0.1900000000000004,6.0,-0.16000000000000014,-27.0,,
2006,Montana,6.61,136,-0.20999999999999996,0,17.0,0.1428571428571428,-0.22999999999999954,-12.0,-0.1900000000000004,6.0,-0.16000000000000014,-27.0
2007,Montana,6.42,131,-0.1900000000000004,0,-5.0,-0.03676470588235292,-0.20999999999999996,17.0,-0.22999999999999954,-12.0,-0.1900000000000004,6.0
2008,Montana,7.03,115,0.6100000000000003,1,-16.0,-0.12213740458015265,-0.1900000000000004,-5.0,-0.20999999999999996,17.0,-0.22999999999999954,-12.0
2009,Montana,7.9,91,0.8700000000000001,1,-24.0,-0.20869565217391306,0.6100000000000003,-16.0,-0.1900000000000004,-5.0,-0.20999999999999996,17.0
2010,Montana,8.6,118,0.6999999999999993,1,27.0,0.29670329670329676,0.8700000000000001,-24.0,0.6100000000000003,-16.0,-0.1900000000000004,-5.0
2011,Montana,8.34,114,-0.2599999999999998,0,-4.0,-0.03389830508474578,0.6999999999999993,27.0,0.8700000000000001,-24.0,0.6100000000000003,-16.0
2012,Montana,8.17,133,-0.16999999999999993,0,19.0,0.16666666666666674,-0.2599999999999998,-4.0,0.6999999999999993,27.0,0.8700000000000001,-24.0
2013,Montana,8.05,127,-0.11999999999999922,0,-6.0,-0.045112781954887216,-0.16999999999999993,19.0,-0.2599999999999998,-4.0,0.6999999999999993,27.0
2014,Montana,8.63,139,0.5800000000000001,1,12.0,0.09448818897637801,-0.11999999999999922,-6.0,-0.16999999999999993,19.0,-0.2599999999999998,-4.0
2015,Montana,8.79,168,0.15999999999999837,1,29.0,0.2086330935251799,0.5800000000000001,12.0,-0.11999999999999922,-6.0,-0.16999999999999993,19.0
2002,Nebraska,7.4,248,,0,,,,,,,,
2003,Nebraska,7.24,241,-0.16000000000000014,0,-7.0,-0.028225806451612878,,,,,,
2004,Nebraska,7.05,229,-0.1900000000000004,0,-12.0,-0.049792531120331995,-0.16000000000000014,-7.0,,,,
2005,Nebraska,6.82,205,-0.22999999999999954,0,-24.0,-0.10480349344978168,-0.1900000000000004,-12.0,-0.16000000000000014,-7.0,,
2006,Nebraska,6.61,239,-0.20999999999999996,0,34.0,0.1658536585365853,-0.22999999999999954,-24.0,-0.1900000000000004,-12.0,-0.16000000000000014,-7.0
2007,Nebraska,6.42,254,-0.1900000000000004,0,15.0,0.06276150627615062,-0.20999999999999996,34.0,-0.22999999999999954,-24.0,-0.1900000000000004,-12.0
2008,Nebraska,7.03,214,0.6100000000000003,1,-40.0,-0.15748031496062997,-0.1900000000000004,15.0,-0.20999999999999996,34.0,-0.22999999999999954,-24.0
2009,Nebraska,7.9,226,0.8700000000000001,1,12.0,0.05607476635514019,0.6100000000000003,-40.0,-0.1900000000000004,15.0,-0.20999999999999996,34.0
2010,Nebraska,8.6,253,0.6999999999999993,1,27.0,0.11946902654867264,0.8700000000000001,12.0,0.6100000000000003,-40.0,-0.1900000000000004,15.0
2011,Nebraska,8.34,247,-0.2599999999999998,0,-6.0,-0.02371541501976282,0.6999999999999993,27.0,0.8700000000000001,12.0,0.6100000000000003,-40.0
2012,Nebraska,8.17,336,-0.16999999999999993,0,89.0,0.36032388663967607,-0.2599999999999998,-6.0,0.6999999999999993,27.0,0.8700000000000001,12.0
2013,Nebraska,8.05,341,-0.11999999999999922,0,5.0,0.014880952380952328,-0.16999999999999993,89.0,-0.2599999999999998,-6.0,0.6999999999999993,27.0
2014,Nebraska,7.92,397,-0.13000000000000078,0,56.0,0.16422287390029333,-0.11999999999999922,5.0,-0.16999999999999993,89.0,-0.2599999999999998,-6.0
2015,Nebraska,8.73,337,0.8100000000000005,1,-60.0,-0.1511335012594458,-0.13000000000000078,56.0,-0.11999999999999922,5.0,-0.16999999999999993,89.0
2002,Nevada,7.4,368,,0,,,,,,,,
2003,Nevada,7.24,456,-0.16000000000000014,0,88.0,0.23913043478260865,,,,,,
2004,Nevada,7.05,476,-0.1900000000000004,0,20.0,0.04385964912280693,-0.16000000000000014,88.0,,,,
2005,Nevada,6.82,443,-0.22999999999999954,0,-33.0,-0.06932773109243695,-0.1900000000000004,20.0,-0.16000000000000014,88.0,,
2006,Nevada,6.61,472,-0.20999999999999996,0,29.0,0.06546275395033851,-0.22999999999999954,-33.0,-0.1900000000000004,20.0,-0.16000000000000014,88.0
2007,Nevada,7.67,468,1.0599999999999996,1,-4.0,-0.008474576271186418,-0.20999999999999996,29.0,-0.22999999999999954,-33.0,-0.1900000000000004,20.0
2008,Nevada,7.6,464,-0.07000000000000028,0,-4.0,-0.008547008547008517,1.0599999999999996,-4.0,-0.20999999999999996,29.0,-0.22999999999999954,-33.0
2009,Nevada,7.9,426,0.3000000000000007,1,-38.0,-0.0818965517241379,-0.07000000000000028,-4.0,1.0599999999999996,-4.0,-0.20999999999999996,29.0
2010,Nevada,8.6,639,0.6999999999999993,1,213.0,0.5,0.3000000000000007,-38.0,-0.07000000000000028,-4.0,1.0599999999999996,-4.0
2011,Nevada,8.34,673,-0.2599999999999998,0,34.0,0.05320813771518007,0.6999999999999993,213.0,0.3000000000000007,-38.0,-0.07000000000000028,-4.0
2012,Nevada,8.17,882,-0.16999999999999993,0,209.0,0.31054977711738485,-0.2599999999999998,34.0,0.6999999999999993,213.0,0.3000000000000007,-38.0
2013,Nevada,8.05,1003,-0.11999999999999922,0,121.0,0.13718820861677994,-0.16999999999999993,209.0,-0.2599999999999998,34.0,0.6999999999999993,213.0
2014,Nevada,7.92,969,-0.13000000000000078,0,-34.0,-0.03389830508474578,-0.11999999999999922,121.0,-0.16999999999999993,209.0,-0.2599999999999998,34.0
2015,Nevada,7.91,789,-0.009999999999999787,0,-180.0,-0.18575851393188858,-0.13000000000000078,-34.0,-0.11999999999999922,121.0,-0.16999999999999993,209.0
2002,New Hampshire,7.4,657,,0,,,,,,,,
2003,New Hampshire,7.24,731,-0.16000000000000014,0,74.0,0.11263318112633192,,,,,,
2004,New Hampshire,7.05,681,-0.1900000000000004,0,-50.0,-0.06839945280437754,-0.16000000000000014,74.0,,,,
2005,New Hampshire,6.82,538,-0.22999999999999954,0,-143.0,-0.20998531571218793,-0.1900000000000004,-50.0,-0.16000000000000014,74.0,,
2006,New Hampshire,6.61,657,-0.20999999999999996,0,119.0,0.22118959107806702,-0.22999999999999954,-143.0,-0.1900000000000004,-50.0,-0.16000000000000014,74.0
2007,New Hampshire,6.42,618,-0.1900000000000004,0,-39.0,-0.05936073059360736,-0.20999999999999996,119.0,-0.22999999999999954,-143.0,-0.1900000000000004,-50.0
2008,New Hampshire,7.81,526,1.3899999999999997,1,-92.0,-0.1488673139158576,-0.1900000000000004,-39.0,-0.20999999999999996,119.0,-0.22999999999999954,-143.0
2009,New Hampshire,8.74,608,0.9300000000000006,1,82.0,0.1558935361216729,1.3899999999999997,-92.0,-0.1900000000000004,-39.0,-0.20999999999999996,119.0
2010,New Hampshire,8.6,802,-0.14000000000000057,0,194.0,0.319078947368421,0.9300000000000006,82.0,1.3899999999999997,-92.0,-0.1900000000000004,-39.0
2011,New Hampshire,8.34,806,-0.2599999999999998,0,4.0,0.004987531172069737,-0.14000000000000057,194.0,0.9300000000000006,82.0,1.3899999999999997,-92.0
2012,New Hampshire,8.17,791,-0.16999999999999993,0,-15.0,-0.018610421836228297,-0.2599999999999998,4.0,-0.14000000000000057,194.0,0.9300000000000006,82.0
2013,New Hampshire,8.05,895,-0.11999999999999922,0,104.0,0.1314791403286979,-0.16999999999999993,-15.0,-0.2599999999999998,4.0,-0.14000000000000057,194.0
2014,New Hampshire,7.92,952,-0.13000000000000078,0,57.0,0.06368715083798882,-0.11999999999999922,104.0,-0.16999999999999993,-15.0,-0.2599999999999998,4.0
2015,New Hampshire,7.91,924,-0.009999999999999787,0,-28.0,-0.02941176470588236,-0.13000000000000078,57.0,-0.11999999999999922,104.0,-0.16999999999999993,-15.0
2002,New Jersey,7.4,4097,,0,,,,,,,,
2003,New Jersey,7.24,3922,-0.16000000000000014,0,-175.0,-0.04271418110812786,,,,,,
2004,New Jersey,7.05,3354,-0.1900000000000004,0,-568.0,-0.14482406935237124,-0.16000000000000014,-175.0,,,,
2005,New Jersey,6.82,2868,-0.22999999999999954,0,-486.0,-0.14490161001788904,-0.1900000000000004,-568.0,-0.16000000000000014,-175.0,,
2006,New Jersey,7.89,3628,1.0699999999999994,1,760.0,0.26499302649930256,-0.22999999999999954,-486.0,-0.1900000000000004,-568.0,-0.16000000000000014,-175.0
2007,New Jersey,8.92,3154,1.0300000000000002,1,-474.0,-0.13065049614112456,1.0699999999999994,760.0,-0.22999999999999954,-486.0,-0.1900000000000004,-568.0
2008,New Jersey,8.59,3247,-0.33000000000000007,0,93.0,0.029486366518706397,1.0300000000000002,-474.0,1.0699999999999994,760.0,-0.22999999999999954,-486.0
2009,New Jersey,8.62,3259,0.02999999999999936,1,12.0,0.003695719125346386,-0.33000000000000007,93.0,1.0300000000000002,-474.0,1.0699999999999994,760.0
2010,New Jersey,8.6,4345,-0.019999999999999574,0,1086.0,0.3332310524700828,0.02999999999999936,12.0,-0.33000000000000007,93.0,1.0300000000000002,-474.0
2011,New Jersey,8.34,4276,-0.2599999999999998,0,-69.0,-0.015880322209436137,-0.019999999999999574,1086.0,0.02999999999999936,12.0,-0.33000000000000007,93.0
2012,New Jersey,8.17,4656,-0.16999999999999993,0,380.0,0.08886810102899911,-0.2599999999999998,-69.0,-0.019999999999999574,1086.0,0.02999999999999936,12.0
2013,New Jersey,8.05,5257,-0.11999999999999922,0,601.0,0.1290807560137457,-0.16999999999999993,380.0,-0.2599999999999998,-69.0,-0.019999999999999574,1086.0
2014,New Jersey,9.01,5508,0.9599999999999991,1,251.0,0.04774586265931147,-0.11999999999999922,601.0,-0.16999999999999993,380.0,-0.2599999999999998,-69.0
2015,New Jersey,9.15,5026,0.14000000000000057,1,-482.0,-0.08750907770515615,0.9599999999999991,251.0,-0.11999999999999922,601.0,-0.16999999999999993,380.0
2002,New Mexico,7.4,388,,0,,,,,,,,
2003,New Mexico,7.24,405,-0.16000000000000014,0,17.0,0.04381443298969079,,,,,,
2004,New Mexico,7.05,383,-0.1900000000000004,0,-22.0,-0.05432098765432103,-0.16000000000000014,17.0,,,,
2005,New Mexico,6.82,273,-0.22999999999999954,0,-110.0,-0.28720626631853785,-0.1900000000000004,-22.0,-0.16000000000000014,17.0,,
2006,New Mexico,6.61,354,-0.20999999999999996,0,81.0,0.29670329670329676,-0.22999999999999954,-110.0,-0.1900000000000004,-22.0,-0.16000000000000014,17.0
2007,New Mexico,6.42,304,-0.1900000000000004,0,-50.0,-0.14124293785310738,-0.20999999999999996,81.0,-0.22999999999999954,-110.0,-0.1900000000000004,-22.0
2008,New Mexico,7.81,295,1.3899999999999997,1,-9.0,-0.02960526315789469,-0.1900000000000004,-50.0,-0.20999999999999996,81.0,-0.22999999999999954,-110.0
2009,New Mexico,9.04,329,1.2299999999999995,1,34.0,0.11525423728813555,1.3899999999999997,-9.0,-0.1900000000000004,-50.0,-0.20999999999999996,81.0
2010,New Mexico,8.9,455,-0.1399999999999988,0,126.0,0.38297872340425543,1.2299999999999995,34.0,1.3899999999999997,-9.0,-0.1900000000000004,-50.0
2011,New Mexico,8.62,412,-0.28000000000000114,0,-43.0,-0.0945054945054945,-0.1399999999999988,126.0,1.2299999999999995,34.0,1.3899999999999997,-9.0
2012,New Mexico,8.45,444,-0.16999999999999993,0,32.0,0.07766990291262132,-0.28000000000000114,-43.0,-0.1399999999999988,126.0,1.2299999999999995,34.0
2013,New Mexico,8.33,471,-0.11999999999999922,0,27.0,0.060810810810810745,-0.16999999999999993,32.0,-0.28000000000000114,-43.0,-0.1399999999999988,126.0
2014,New Mexico,8.19,445,-0.14000000000000057,0,-26.0,-0.05520169851380041,-0.11999999999999922,27.0,-0.16999999999999993,32.0,-0.28000000000000114,-43.0
2015,New Mexico,8.18,455,-0.009999999999999787,0,10.0,0.022471910112359605,-0.14000000000000057,-26.0,-0.11999999999999922,27.0,-0.16999999999999993,32.0
2002,New York,7.4,7075,,0,,,,,,,,
2003,New York,7.24,6919,-0.16000000000000014,0,-156.0,-0.02204946996466428,,,,,,
2004,New York,7.05,6618,-0.1900000000000004,0,-301.0,-0.043503396444572906,-0.16000000000000014,-156.0,,,,
2005,New York,7.95,5307,0.9000000000000004,1,-1311.0,-0.19809610154125112,-0.1900000000000004,-301.0,-0.16000000000000014,-156.0,,
2006,New York,8.66,6408,0.71,1,1101.0,0.20746184284906732,0.9000000000000004,-1311.0,-0.1900000000000004,-301.0,-0.16000000000000014,-156.0
2007,New York,8.92,6024,0.2599999999999998,1,-384.0,-0.05992509363295884,0.71,1101.0,0.9000000000000004,-1311.0,-0.1900000000000004,-301.0
2008,New York,8.59,5905,-0.33000000000000007,0,-119.0,-0.019754316069057087,0.2599999999999998,-384.0,0.71,1101.0,0.9000000000000004,-1311.0
2009,New York,8.62,6127,0.02999999999999936,1,222.0,0.037595258255715525,-0.33000000000000007,-119.0,0.2599999999999998,-384.0,0.71,1101.0
2010,New York,8.6,8095,-0.019999999999999574,0,1968.0,0.3212012404112943,0.02999999999999936,222.0,-0.33000000000000007,-119.0,0.2599999999999998,-384.0
2011,New York,8.34,7842,-0.2599999999999998,0,-253.0,-0.031253860407659095,-0.019999999999999574,1968.0,0.02999999999999936,222.0,-0.33000000000000007,-119.0
2012,New York,8.17,8557,-0.16999999999999993,0,715.0,0.09117572047946942,-0.2599999999999998,-253.0,-0.019999999999999574,1968.0,0.02999999999999936,222.0
2013,New York,8.05,9363,-0.11999999999999922,0,806.0,0.09419188968096304,-0.16999999999999993,715.0,-0.2599999999999998,-253.0,-0.019999999999999574,1968.0
2014,New York,8.74,9770,0.6899999999999995,1,407.0,0.043468973619566365,-0.11999999999999922,806.0,-0.16999999999999993,715.0,-0.2599999999999998,-253.0
2015,New York,9.55,9391,0.8100000000000005,1,-379.0,-0.03879222108495395,0.6899999999999995,407.0,-0.11999999999999922,806.0,-0.16999999999999993,715.0
2002,North Carolina,7.4,2141,,0,,,,,,,,
2003,North Carolina,7.24,2171,-0.16000000000000014,0,30.0,0.014012143858010306,,,,,,
2004,North Carolina,7.05,2075,-0.1900000000000004,0,-96.0,-0.04421925380009217,-0.16000000000000014,30.0,,,,
2005,North Carolina,6.82,1839,-0.22999999999999954,0,-236.0,-0.11373493975903615,-0.1900000000000004,-96.0,-0.16000000000000014,30.0,,
2006,North Carolina,6.61,2233,-0.20999999999999996,0,394.0,0.2142468733007068,-0.22999999999999954,-236.0,-0.1900000000000004,-96.0,-0.16000000000000014,30.0
2007,North Carolina,7.67,2007,1.0599999999999996,1,-226.0,-0.10120913569189427,-0.20999999999999996,394.0,-0.22999999999999954,-236.0,-0.1900000000000004,-96.0
2008,North Carolina,7.39,2157,-0.28000000000000025,0,150.0,0.07473841554559035,1.0599999999999996,-226.0,-0.20999999999999996,394.0,-0.22999999999999954,-236.0
2009,North Carolina,7.9,2298,0.5100000000000007,1,141.0,0.06536856745479835,-0.28000000000000025,150.0,1.0599999999999996,-226.0,-0.20999999999999996,394.0
2010,North Carolina,8.6,2922,0.6999999999999993,1,624.0,0.27154046997389036,0.5100000000000007,141.0,-0.28000000000000025,150.0,1.0599999999999996,-226.0
2011,North Carolina,8.34,2884,-0.2599999999999998,0,-38.0,-0.013004791238877433,0.6999999999999993,624.0,0.5100000000000007,141.0,-0.28000000000000025,150.0
2012,North Carolina,8.17,3252,-0.16999999999999993,0,368.0,0.12760055478502075,-0.2599999999999998,-38.0,0.6999999999999993,624.0,0.5100000000000007,141.0
2013,North Carolina,8.05,3452,-0.11999999999999922,0,200.0,0.06150061500615012,-0.16999999999999993,368.0,-0.2599999999999998,-38.0,0.6999999999999993,624.0
2014,North Carolina,7.92,3709,-0.13000000000000078,0,257.0,0.07444959443800703,-0.11999999999999922,200.0,-0.16999999999999993,368.0,-0.2599999999999998,-38.0
2015,North Carolina,7.91,3651,-0.009999999999999787,0,-58.0,-0.015637638177406266,-0.13000000000000078,257.0,-0.11999999999999922,200.0,-0.16999999999999993,368.0
2002,North Dakota,7.4,86,,0,,,,,,,,
2003,North Dakota,7.24,62,-0.16000000000000014,0,-24.0,-0.2790697674418605,,,,,,
2004,North Dakota,7.05,66,-0.1900000000000004,0,4.0,0.06451612903225801,-0.16000000000000014,-24.0,,,,
2005,North Dakota,6.82,81,-0.22999999999999954,0,15.0,0.2272727272727273,-0.1900000000000004,4.0,-0.16000000000000014,-24.0,,
2006,North Dakota,6.61,77,-0.20999999999999996,0,-4.0,-0.04938271604938271,-0.22999999999999954,15.0,-0.1900000000000004,4.0,-0.16000000000000014,-24.0
2007,North Dakota,6.42,92,-0.1900000000000004,0,15.0,0.19480519480519476,-0.20999999999999996,-4.0,-0.22999999999999954,15.0,-0.1900000000000004,4.0
2008,North Dakota,7.03,72,0.6100000000000003,1,-20.0,-0.21739130434782605,-0.1900000000000004,15.0,-0.20999999999999996,-4.0,-0.22999999999999954,15.0
2009,North Dakota,7.9,92,0.8700000000000001,1,20.0,0.2777777777777777,0.6100000000000003,-20.0,-0.1900000000000004,15.0,-0.20999999999999996,-4.0
2010,North Dakota,8.6,112,0.6999999999999993,1,20.0,0.21739130434782616,0.8700000000000001,20.0,0.6100000000000003,-20.0,-0.1900000000000004,15.0
2011,North Dakota,8.34,95,-0.2599999999999998,0,-17.0,-0.1517857142857143,0.6999999999999993,20.0,0.8700000000000001,20.0,0.6100000000000003,-20.0
2012,North Dakota,8.17,98,-0.16999999999999993,0,3.0,0.03157894736842115,-0.2599999999999998,-17.0,0.6999999999999993,20.0,0.8700000000000001,20.0
2013,North Dakota,8.05,131,-0.11999999999999922,0,33.0,0.33673469387755106,-0.16999999999999993,3.0,-0.2599999999999998,-17.0,0.6999999999999993,20.0
2014,North Dakota,7.92,120,-0.13000000000000078,0,-11.0,-0.08396946564885499,-0.11999999999999922,33.0,-0.16999999999999993,3.0,-0.2599999999999998,-17.0
2015,North Dakota,7.91,127,-0.009999999999999787,0,7.0,0.05833333333333335,-0.13000000000000078,-11.0,-0.11999999999999922,33.0,-0.16999999999999993,3.0
2002,Ohio,7.4,3973,,0,,,,,,,,
2003,Ohio,7.24,3893,-0.16000000000000014,0,-80.0,-0.02013591744273846,,,,,,
2004,Ohio,7.05,3418,-0.1900000000000004,0,-475.0,-0.12201387105060368,-0.16000000000000014,-80.0,,,,
2005,Ohio,6.82,2731,-0.22999999999999954,0,-687.0,-0.20099473376243415,-0.1900000000000004,-475.0,-0.16000000000000014,-80.0,,
2006,Ohio,6.61,3295,-0.20999999999999996,0,564.0,0.20651775906261438,-0.22999999999999954,-687.0,-0.1900000000000004,-475.0,-0.16000000000000014,-80.0
2007,Ohio,8.55,3062,1.9400000000000004,1,-233.0,-0.07071320182094087,-0.20999999999999996,564.0,-0.22999999999999954,-687.0,-0.1900000000000004,-475.0
2008,Ohio,8.41,3156,-0.14000000000000057,0,94.0,0.030698889614630964,1.9400000000000004,-233.0,-0.20999999999999996,564.0,-0.22999999999999954,-687.0
2009,Ohio,8.8,3023,0.39000000000000057,1,-133.0,-0.042141951837769365,-0.14000000000000057,94.0,1.9400000000000004,-233.0,-0.20999999999999996,564.0
2010,Ohio,8.66,3983,-0.14000000000000057,0,960.0,0.3175653324512073,0.39000000000000057,-133.0,-0.14000000000000057,94.0,1.9400000000000004,-233.0
2011,Ohio,8.51,3903,-0.15000000000000036,0,-80.0,-0.020085362791865458,-0.14000000000000057,960.0,0.39000000000000057,-133.0,-0.14000000000000057,94.0
2012,Ohio,8.67,4110,0.16000000000000014,1,207.0,0.05303612605687924,-0.15000000000000036,-80.0,-0.14000000000000057,960.0,0.39000000000000057,-133.0
2013,Ohio,8.72,4297,0.05000000000000071,1,187.0,0.04549878345498781,0.16000000000000014,207.0,-0.15000000000000036,-80.0,-0.14000000000000057,960.0
2014,Ohio,7.92,4384,-0.8000000000000007,0,87.0,0.02024668373283678,0.05000000000000071,187.0,0.16000000000000014,207.0,-0.15000000000000036,-80.0
2015,Ohio,7.91,4298,-0.009999999999999787,0,-86.0,-0.019616788321167866,-0.8000000000000007,87.0,0.05000000000000071,187.0,0.16000000000000014,207.0
2002,Oklahoma,7.4,518,,0,,,,,,,,
2003,Oklahoma,7.24,563,-0.16000000000000014,0,45.0,0.08687258687258681,,,,,,
2004,Oklahoma,7.05,490,-0.1900000000000004,0,-73.0,-0.12966252220248664,-0.16000000000000014,45.0,,,,
2005,Oklahoma,6.82,429,-0.22999999999999954,0,-61.0,-0.1244897959183674,-0.1900000000000004,-73.0,-0.16000000000000014,45.0,,
2006,Oklahoma,6.61,583,-0.20999999999999996,0,154.0,0.35897435897435903,-0.22999999999999954,-61.0,-0.1900000000000004,-73.0,-0.16000000000000014,45.0
2007,Oklahoma,6.42,526,-0.1900000000000004,0,-57.0,-0.097770154373928,-0.20999999999999996,154.0,-0.22999999999999954,-61.0,-0.1900000000000004,-73.0
2008,Oklahoma,7.03,476,0.6100000000000003,1,-50.0,-0.09505703422053235,-0.1900000000000004,-57.0,-0.20999999999999996,154.0,-0.22999999999999954,-61.0
2009,Oklahoma,7.9,446,0.8700000000000001,1,-30.0,-0.06302521008403361,0.6100000000000003,-50.0,-0.1900000000000004,-57.0,-0.20999999999999996,154.0
2010,Oklahoma,8.6,582,0.6999999999999993,1,136.0,0.30493273542600896,0.8700000000000001,-30.0,0.6100000000000003,-50.0,-0.1900000000000004,-57.0
2011,Oklahoma,8.34,529,-0.2599999999999998,0,-53.0,-0.09106529209621994,0.6999999999999993,136.0,0.8700000000000001,-30.0,0.6100000000000003,-50.0
2012,Oklahoma,8.17,521,-0.16999999999999993,0,-8.0,-0.015122873345935761,-0.2599999999999998,-53.0,0.6999999999999993,136.0,0.8700000000000001,-30.0
2013,Oklahoma,8.05,604,-0.11999999999999922,0,83.0,0.15930902111324374,-0.16999999999999993,-8.0,-0.2599999999999998,-53.0,0.6999999999999993,136.0
2014,Oklahoma,7.92,628,-0.13000000000000078,0,24.0,0.039735099337748325,-0.11999999999999922,83.0,-0.16999999999999993,-8.0,-0.2599999999999998,-53.0
2015,Oklahoma,7.91,597,-0.009999999999999787,0,-31.0,-0.04936305732484081,-0.13000000000000078,24.0,-0.11999999999999922,83.0,-0.16999999999999993,-8.0
2002,Oregon,9.35,1716,,0,,,,,,,,
2003,Oregon,9.7,1867,0.34999999999999964,1,151.0,0.08799533799533799,,,,,,
2004,Oregon,9.65,1967,-0.049999999999998934,0,100.0,0.05356186395286566,0.34999999999999964,151.0,,,,
2005,Oregon,9.6,1849,-0.05000000000000071,0,-118.0,-0.05998983223182508,-0.049999999999998934,100.0,0.34999999999999964,151.0,,
2006,Oregon,9.62,2536,0.019999999999999574,1,687.0,0.37155219037317466,-0.05000000000000071,-118.0,-0.049999999999998934,100.0,0.34999999999999964,151.0
2007,Oregon,9.73,2282,0.11000000000000121,1,-254.0,-0.10015772870662465,0.019999999999999574,687.0,-0.05000000000000071,-118.0,-0.049999999999998934,100.0
2008,Oregon,9.55,2173,-0.17999999999999972,0,-109.0,-0.0477651183172656,0.11000000000000121,-254.0,0.019999999999999574,687.0,-0.05000000000000071,-118.0
2009,Oregon,10.13,2014,0.5800000000000001,1,-159.0,-0.07317073170731703,-0.17999999999999972,-109.0,0.11000000000000121,-254.0,0.019999999999999574,687.0
2010,Oregon,9.96,2340,-0.16999999999999993,0,326.0,0.1618669314796426,0.5800000000000001,-159.0,-0.17999999999999972,-109.0,0.11000000000000121,-254.0
2011,Oregon,9.77,2372,-0.19000000000000128,0,32.0,0.013675213675213627,-0.16999999999999993,326.0,0.5800000000000001,-159.0,-0.17999999999999972,-109.0
2012,Oregon,9.91,2462,0.14000000000000057,1,90.0,0.03794266441821237,-0.19000000000000128,32.0,-0.16999999999999993,326.0,0.5800000000000001,-159.0
2013,Oregon,9.94,2662,0.02999999999999936,1,200.0,0.08123476848090982,0.14000000000000057,90.0,-0.19000000000000128,32.0,-0.16999999999999993,326.0
2014,Oregon,9.94,2919,0.0,0,257.0,0.09654395191585263,0.02999999999999936,200.0,0.14000000000000057,90.0,-0.19000000000000128,32.0
2015,Oregon,10.09,2796,0.15000000000000036,1,-123.0,-0.04213771839671121,0.0,257.0,0.02999999999999936,200.0,0.14000000000000057,90.0
2002,Pennsylvania,7.4,3642,,0,,,,,,,,
2003,Pennsylvania,7.24,3560,-0.16000000000000014,0,-82.0,-0.02251510159253156,,,,,,
2004,Pennsylvania,7.05,3224,-0.1900000000000004,0,-336.0,-0.09438202247191008,-0.16000000000000014,-82.0,,,,
2005,Pennsylvania,6.82,2546,-0.22999999999999954,0,-678.0,-0.2102977667493796,-0.1900000000000004,-336.0,-0.16000000000000014,-82.0,,
2006,Pennsylvania,6.61,3191,-0.20999999999999996,0,645.0,0.25333857030636286,-0.22999999999999954,-678.0,-0.1900000000000004,-336.0,-0.16000000000000014,-82.0
2007,Pennsylvania,7.8,2987,1.1899999999999995,1,-204.0,-0.06392980256972736,-0.20999999999999996,645.0,-0.22999999999999954,-678.0,-0.1900000000000004,-336.0
2008,Pennsylvania,8.59,2850,0.79,1,-137.0,-0.045865416806160075,1.1899999999999995,-204.0,-0.20999999999999996,645.0,-0.22999999999999954,-678.0
2009,Pennsylvania,8.62,3066,0.02999999999999936,1,216.0,0.07578947368421063,0.79,-137.0,1.1899999999999995,-204.0,-0.20999999999999996,645.0
2010,Pennsylvania,8.6,3888,-0.019999999999999574,0,822.0,0.2681017612524461,0.02999999999999936,216.0,0.79,-137.0,1.1899999999999995,-204.0
2011,Pennsylvania,8.34,3652,-0.2599999999999998,0,-236.0,-0.06069958847736623,-0.019999999999999574,822.0,0.02999999999999936,216.0,0.79,-137.0
2012,Pennsylvania,8.17,3894,-0.16999999999999993,0,242.0,0.06626506024096379,-0.2599999999999998,-236.0,-0.019999999999999574,822.0,0.02999999999999936,216.0
2013,Pennsylvania,8.05,4358,-0.11999999999999922,0,464.0,0.11915767847971237,-0.16999999999999993,242.0,-0.2599999999999998,-236.0,-0.019999999999999574,822.0
2014,Pennsylvania,7.92,4484,-0.13000000000000078,0,126.0,0.0289123451124369,-0.11999999999999922,464.0,-0.16999999999999993,242.0,-0.2599999999999998,-236.0
2015,Pennsylvania,7.91,4225,-0.009999999999999787,0,-259.0,-0.0577609277430865,-0.13000000000000078,126.0,-0.11999999999999922,464.0,-0.16999999999999993,242.0
2002,Puerto Rico,7.4,22,,0,,,,,,,,
2003,Puerto Rico,7.24,29,-0.16000000000000014,0,7.0,0.3181818181818181,,,,,,
2004,Puerto Rico,7.05,20,-0.1900000000000004,0,-9.0,-0.31034482758620685,-0.16000000000000014,7.0,,,,
2005,Puerto Rico,6.82,33,-0.22999999999999954,0,13.0,0.6499999999999999,-0.1900000000000004,-9.0,-0.16000000000000014,7.0,,
2006,Puerto Rico,6.61,26,-0.20999999999999996,0,-7.0,-0.21212121212121215,-0.22999999999999954,13.0,-0.1900000000000004,-9.0,-0.16000000000000014,7.0
2007,Puerto Rico,6.42,29,-0.1900000000000004,0,3.0,0.11538461538461542,-0.20999999999999996,-7.0,-0.22999999999999954,13.0,-0.1900000000000004,-9.0
2008,Puerto Rico,7.03,18,0.6100000000000003,1,-11.0,-0.3793103448275862,-0.1900000000000004,3.0,-0.20999999999999996,-7.0,-0.22999999999999954,13.0
2009,Puerto Rico,7.9,20,0.8700000000000001,1,2.0,0.11111111111111116,0.6100000000000003,-11.0,-0.1900000000000004,3.0,-0.20999999999999996,-7.0
2010,Puerto Rico,8.6,28,0.6999999999999993,1,8.0,0.3999999999999999,0.8700000000000001,2.0,0.6100000000000003,-11.0,-0.1900000000000004,3.0
2011,Puerto Rico,8.34,28,-0.2599999999999998,0,0.0,0.0,0.6999999999999993,8.0,0.8700000000000001,2.0,0.6100000000000003,-11.0
2012,Puerto Rico,8.17,39,-0.16999999999999993,0,11.0,0.3928571428571428,-0.2599999999999998,0.0,0.6999999999999993,8.0,0.8700000000000001,2.0
2013,Puerto Rico,8.05,20,-0.11999999999999922,0,-19.0,-0.4871794871794872,-0.16999999999999993,11.0,-0.2599999999999998,0.0,0.6999999999999993,8.0
2014,Puerto Rico,7.92,41,-0.13000000000000078,0,21.0,1.0499999999999998,-0.11999999999999922,-19.0,-0.16999999999999993,11.0,-0.2599999999999998,0.0
2015,Puerto Rico,7.91,40,-0.009999999999999787,0,-1.0,-0.024390243902439046,-0.13000000000000078,21.0,-0.11999999999999922,-19.0,-0.16999999999999993,11.0
2002,Rhode Island,8.84,311,,0,,,,,,,,
2003,Rhode Island,8.65,325,-0.1899999999999995,0,14.0,0.045016077170418,,,,,,
2004,Rhode Island,9.24,368,0.5899999999999999,1,43.0,0.13230769230769224,-0.1899999999999995,14.0,,,,
2005,Rhode Island,8.94,312,-0.3000000000000007,0,-56.0,-0.15217391304347827,0.5899999999999999,43.0,-0.1899999999999995,14.0,,
2006,Rhode Island,8.66,354,-0.27999999999999936,0,42.0,0.13461538461538458,-0.3000000000000007,-56.0,0.5899999999999999,43.0,-0.1899999999999995,14.0
2007,Rhode Island,9.23,380,0.5700000000000003,1,26.0,0.07344632768361592,-0.27999999999999936,42.0,-0.3000000000000007,-56.0,0.5899999999999999,43.0
2008,Rhode Island,8.89,303,-0.33999999999999986,0,-77.0,-0.20263157894736838,0.5700000000000003,26.0,-0.27999999999999936,42.0,-0.3000000000000007,-56.0
2009,Rhode Island,8.92,305,0.02999999999999936,1,2.0,0.0066006600660066805,-0.33999999999999986,-77.0,0.5700000000000003,26.0,-0.27999999999999936,42.0
2010,Rhode Island,8.78,354,-0.14000000000000057,0,49.0,0.16065573770491803,0.02999999999999936,2.0,-0.33999999999999986,-77.0,0.5700000000000003,26.0
2011,Rhode Island,8.51,351,-0.2699999999999996,0,-3.0,-0.008474576271186418,-0.14000000000000057,49.0,0.02999999999999936,2.0,-0.33999999999999986,-77.0
2012,Rhode Island,8.34,415,-0.16999999999999993,0,64.0,0.18233618233618243,-0.2699999999999996,-3.0,-0.14000000000000057,49.0,0.02999999999999936,2.0
2013,Rhode Island,8.61,410,0.2699999999999996,1,-5.0,-0.012048192771084376,-0.16999999999999993,64.0,-0.2699999999999996,-3.0,-0.14000000000000057,49.0
2014,Rhode Island,8.74,447,0.13000000000000078,1,37.0,0.09024390243902447,0.2699999999999996,-5.0,-0.16999999999999993,64.0,-0.2699999999999996,-3.0
2015,Rhode Island,9.82,393,1.08,1,-54.0,-0.12080536912751683,0.13000000000000078,37.0,0.2699999999999996,-5.0,-0.16999999999999993,64.0
2002,South Carolina,7.4,711,,0,,,,,,,,
2003,South Carolina,7.24,651,-0.16000000000000014,0,-60.0,-0.08438818565400841,,,,,,
2004,South Carolina,7.05,581,-0.1900000000000004,0,-70.0,-0.10752688172043012,-0.16000000000000014,-60.0,,,,
2005,South Carolina,6.82,539,-0.22999999999999954,0,-42.0,-0.07228915662650603,-0.1900000000000004,-70.0,-0.16000000000000014,-60.0,,
2006,South Carolina,6.61,691,-0.20999999999999996,0,152.0,0.2820037105751392,-0.22999999999999954,-42.0,-0.1900000000000004,-70.0,-0.16000000000000014,-60.0
2007,South Carolina,6.42,542,-0.1900000000000004,0,-149.0,-0.215629522431259,-0.20999999999999996,152.0,-0.22999999999999954,-42.0,-0.1900000000000004,-70.0
2008,South Carolina,7.03,524,0.6100000000000003,1,-18.0,-0.03321033210332103,-0.1900000000000004,-149.0,-0.20999999999999996,152.0,-0.22999999999999954,-42.0
2009,South Carolina,7.9,579,0.8700000000000001,1,55.0,0.1049618320610688,0.6100000000000003,-18.0,-0.1900000000000004,-149.0,-0.20999999999999996,152.0
2010,South Carolina,8.6,652,0.6999999999999993,1,73.0,0.12607944732297072,0.8700000000000001,55.0,0.6100000000000003,-18.0,-0.1900000000000004,-149.0
2011,South Carolina,8.34,793,-0.2599999999999998,0,141.0,0.21625766871165641,0.6999999999999993,73.0,0.8700000000000001,55.0,0.6100000000000003,-18.0
2012,South Carolina,8.17,978,-0.16999999999999993,0,185.0,0.23329129886506927,-0.2599999999999998,141.0,0.6999999999999993,73.0,0.8700000000000001,55.0
2013,South Carolina,8.05,971,-0.11999999999999922,0,-7.0,-0.007157464212678932,-0.16999999999999993,185.0,-0.2599999999999998,141.0,0.6999999999999993,73.0
2014,South Carolina,7.92,999,-0.13000000000000078,0,28.0,0.02883625128733258,-0.11999999999999922,-7.0,-0.16999999999999993,185.0,-0.2599999999999998,141.0
2015,South Carolina,7.91,1058,-0.009999999999999787,0,59.0,0.05905905905905895,-0.13000000000000078,28.0,-0.11999999999999922,-7.0,-0.16999999999999993,185.0
2002,South Dakota,7.4,90,,0,,,,,,,,
2003,South Dakota,7.24,89,-0.16000000000000014,0,-1.0,-0.011111111111111072,,,,,,
2004,South Dakota,7.05,88,-0.1900000000000004,0,-1.0,-0.011235955056179803,-0.16000000000000014,-1.0,,,,
2005,South Dakota,6.82,68,-0.22999999999999954,0,-20.0,-0.2272727272727273,-0.1900000000000004,-1.0,-0.16000000000000014,-1.0,,
2006,South Dakota,6.61,79,-0.20999999999999996,0,11.0,0.16176470588235303,-0.22999999999999954,-20.0,-0.1900000000000004,-1.0,-0.16000000000000014,-1.0
2007,South Dakota,6.42,66,-0.1900000000000004,0,-13.0,-0.16455696202531644,-0.20999999999999996,11.0,-0.22999999999999954,-20.0,-0.1900000000000004,-1.0
2008,South Dakota,7.03,60,0.6100000000000003,1,-6.0,-0.09090909090909094,-0.1900000000000004,-13.0,-0.20999999999999996,11.0,-0.22999999999999954,-20.0
2009,South Dakota,7.9,56,0.8700000000000001,1,-4.0,-0.06666666666666665,0.6100000000000003,-6.0,-0.1900000000000004,-13.0,-0.20999999999999996,11.0
2010,South Dakota,8.6,82,0.6999999999999993,1,26.0,0.4642857142857142,0.8700000000000001,-4.0,0.6100000000000003,-6.0,-0.1900000000000004,-13.0
2011,South Dakota,8.34,106,-0.2599999999999998,0,24.0,0.29268292682926833,0.6999999999999993,26.0,0.8700000000000001,-4.0,0.6100000000000003,-6.0
2012,South Dakota,8.17,129,-0.16999999999999993,0,23.0,0.21698113207547176,-0.2599999999999998,24.0,0.6999999999999993,26.0,0.8700000000000001,-4.0
2013,South Dakota,8.05,136,-0.11999999999999922,0,7.0,0.054263565891472965,-0.16999999999999993,23.0,-0.2599999999999998,24.0,0.6999999999999993,26.0
2014,South Dakota,7.92,128,-0.13000000000000078,0,-8.0,-0.05882352941176472,-0.11999999999999922,7.0,-0.16999999999999993,23.0,-0.2599999999999998,24.0
2015,South Dakota,9.28,128,1.3599999999999994,1,0.0,0.0,-0.13000000000000078,-8.0,-0.11999999999999922,7.0,-0.16999999999999993,23.0
2002,Tennessee,7.4,1003,,0,,,,,,,,
2003,Tennessee,7.24,973,-0.16000000000000014,0,-30.0,-0.029910269192422678,,,,,,
2004,Tennessee,7.05,874,-0.1900000000000004,0,-99.0,-0.10174717368961972,-0.16000000000000014,-30.0,,,,
2005,Tennessee,6.82,713,-0.22999999999999954,0,-161.0,-0.1842105263157895,-0.1900000000000004,-99.0,-0.16000000000000014,-30.0,,
2006,Tennessee,6.61,817,-0.20999999999999996,0,104.0,0.1458625525946704,-0.22999999999999954,-161.0,-0.1900000000000004,-99.0,-0.16000000000000014,-30.0
2007,Tennessee,6.42,793,-0.1900000000000004,0,-24.0,-0.02937576499388006,-0.20999999999999996,104.0,-0.22999999999999954,-161.0,-0.1900000000000004,-99.0
2008,Tennessee,7.03,798,0.6100000000000003,1,5.0,0.006305170239596425,-0.1900000000000004,-24.0,-0.20999999999999996,104.0,-0.22999999999999954,-161.0
2009,Tennessee,7.9,785,0.8700000000000001,1,-13.0,-0.016290726817042578,0.6100000000000003,5.0,-0.1900000000000004,-24.0,-0.20999999999999996,104.0
2010,Tennessee,8.6,1037,0.6999999999999993,1,252.0,0.3210191082802547,0.8700000000000001,-13.0,0.6100000000000003,5.0,-0.1900000000000004,-24.0
2011,Tennessee,8.34,1080,-0.2599999999999998,0,43.0,0.041465766634522616,0.6999999999999993,252.0,0.8700000000000001,-13.0,0.6100000000000003,5.0
2012,Tennessee,8.17,1065,-0.16999999999999993,0,-15.0,-0.01388888888888884,-0.2599999999999998,43.0,0.6999999999999993,252.0,0.8700000000000001,-13.0
2013,Tennessee,8.05,1111,-0.11999999999999922,0,46.0,0.04319248826291089,-0.16999999999999993,-15.0,-0.2599999999999998,43.0,0.6999999999999993,252.0
2014,Tennessee,7.92,1181,-0.13000000000000078,0,70.0,0.06300630063006296,-0.11999999999999922,46.0,-0.16999999999999993,-15.0,-0.2599999999999998,43.0
2015,Tennessee,7.91,1127,-0.009999999999999787,0,-54.0,-0.04572396274343782,-0.13000000000000078,70.0,-0.11999999999999922,46.0,-0.16999999999999993,-15.0
2002,Texas,7.4,6341,,0,,,,,,,,
2003,Texas,7.24,6380,-0.16000000000000014,0,39.0,0.0061504494559216916,,,,,,
2004,Texas,7.05,6241,-0.1900000000000004,0,-139.0,-0.02178683385579938,-0.16000000000000014,39.0,,,,
2005,Texas,6.82,5526,-0.22999999999999954,0,-715.0,-0.11456497356192918,-0.1900000000000004,-139.0,-0.16000000000000014,39.0,,
2006,Texas,6.61,6717,-0.20999999999999996,0,1191.0,0.21552660152008696,-0.22999999999999954,-715.0,-0.1900000000000004,-139.0,-0.16000000000000014,39.0
2007,Texas,6.42,6228,-0.1900000000000004,0,-489.0,-0.07280035730236711,-0.20999999999999996,1191.0,-0.22999999999999954,-715.0,-0.1900000000000004,-139.0
2008,Texas,7.03,6184,0.6100000000000003,1,-44.0,-0.007064868336544627,-0.1900000000000004,-489.0,-0.20999999999999996,1191.0,-0.22999999999999954,-715.0
2009,Texas,7.9,6436,0.8700000000000001,1,252.0,0.0407503234152653,0.6100000000000003,-44.0,-0.1900000000000004,-489.0,-0.20999999999999996,1191.0
2010,Texas,8.6,8027,0.6999999999999993,1,1591.0,0.2472032318210069,0.8700000000000001,252.0,0.6100000000000003,-44.0,-0.1900000000000004,-489.0
2011,Texas,8.34,8044,-0.2599999999999998,0,17.0,0.0021178522486606788,0.6999999999999993,1591.0,0.8700000000000001,252.0,0.6100000000000003,-44.0
2012,Texas,8.17,8930,-0.16999999999999993,0,886.0,0.11014420686225757,-0.2599999999999998,17.0,0.6999999999999993,1591.0,0.8700000000000001,252.0
2013,Texas,8.05,9821,-0.11999999999999922,0,891.0,0.09977603583426653,-0.16999999999999993,886.0,-0.2599999999999998,17.0,0.6999999999999993,1591.0
2014,Texas,7.92,10692,-0.13000000000000078,0,871.0,0.08868750636391409,-0.11999999999999922,891.0,-0.16999999999999993,886.0,-0.2599999999999998,17.0
2015,Texas,7.91,10561,-0.009999999999999787,0,-131.0,-0.012252151141040057,-0.13000000000000078,871.0,-0.11999999999999922,891.0,-0.16999999999999993,886.0
2002,Utah,7.4,747,,0,,,,,,,,
2003,Utah,7.24,725,-0.16000000000000014,0,-22.0,-0.029451137884872858,,,,,,
2004,Utah,7.05,784,-0.1900000000000004,0,59.0,0.08137931034482748,-0.16000000000000014,-22.0,,,,
2005,Utah,6.82,644,-0.22999999999999954,0,-140.0,-0.1785714285714286,-0.1900000000000004,59.0,-0.16000000000000014,-22.0,,
2006,Utah,6.61,800,-0.20999999999999996,0,156.0,0.2422360248447204,-0.22999999999999954,-140.0,-0.1900000000000004,59.0,-0.16000000000000014,-22.0
2007,Utah,6.42,766,-0.1900000000000004,0,-34.0,-0.04249999999999998,-0.20999999999999996,156.0,-0.22999999999999954,-140.0,-0.1900000000000004,59.0
2008,Utah,7.03,727,0.6100000000000003,1,-39.0,-0.050913838120104415,-0.1900000000000004,-34.0,-0.20999999999999996,156.0,-0.22999999999999954,-140.0
2009,Utah,7.9,856,0.8700000000000001,1,129.0,0.17744154057771655,0.6100000000000003,-39.0,-0.1900000000000004,-34.0,-0.20999999999999996,156.0
2010,Utah,8.6,1145,0.6999999999999993,1,289.0,0.33761682242990654,0.8700000000000001,129.0,0.6100000000000003,-39.0,-0.1900000000000004,-34.0
2011,Utah,8.34,1214,-0.2599999999999998,0,69.0,0.06026200873362453,0.6999999999999993,289.0,0.8700000000000001,129.0,0.6100000000000003,-39.0
2012,Utah,8.17,1327,-0.16999999999999993,0,113.0,0.09308072487644159,-0.2599999999999998,69.0,0.6999999999999993,289.0,0.8700000000000001,129.0
2013,Utah,8.05,1414,-0.11999999999999922,0,87.0,0.06556141672946492,-0.16999999999999993,113.0,-0.2599999999999998,69.0,0.6999999999999993,289.0
2014,Utah,7.92,1526,-0.13000000000000078,0,112.0,0.07920792079207928,-0.11999999999999922,87.0,-0.16999999999999993,113.0,-0.2599999999999998,69.0
2015,Utah,7.91,1595,-0.009999999999999787,0,69.0,0.04521625163826992,-0.13000000000000078,112.0,-0.11999999999999922,87.0,-0.16999999999999993,113.0
2002,Vermont,8.99,509,,0,,,,,,,,
2003,Vermont,8.79,466,-0.20000000000000107,0,-43.0,-0.08447937131630645,,,,,,
2004,Vermont,9.24,428,0.45000000000000107,1,-38.0,-0.08154506437768239,-0.20000000000000107,-43.0,,,,
2005,Vermont,9.27,411,0.02999999999999936,1,-17.0,-0.03971962616822433,0.45000000000000107,-38.0,-0.20000000000000107,-43.0,,
2006,Vermont,9.3,486,0.030000000000001137,1,75.0,0.18248175182481763,0.02999999999999936,-17.0,0.45000000000000107,-38.0,-0.20000000000000107,-43.0
2007,Vermont,9.39,546,0.08999999999999986,1,60.0,0.1234567901234569,0.030000000000001137,75.0,0.02999999999999936,-17.0,0.45000000000000107,-38.0
2008,Vermont,9.23,514,-0.16000000000000014,0,-32.0,-0.05860805860805862,0.08999999999999986,60.0,0.030000000000001137,75.0,0.02999999999999936,-17.0
2009,Vermont,9.72,500,0.4900000000000002,1,-14.0,-0.027237354085603127,-0.16000000000000014,-32.0,0.08999999999999986,60.0,0.030000000000001137,75.0
2010,Vermont,9.56,668,-0.16000000000000014,0,168.0,0.3360000000000001,0.4900000000000002,-14.0,-0.16000000000000014,-32.0,0.08999999999999986,60.0
2011,Vermont,9.37,536,-0.19000000000000128,0,-132.0,-0.19760479041916168,-0.16000000000000014,168.0,0.4900000000000002,-14.0,-0.16000000000000014,-32.0
2012,Vermont,9.53,506,0.16000000000000014,1,-30.0,-0.05597014925373134,-0.19000000000000128,-132.0,-0.16000000000000014,168.0,0.4900000000000002,-14.0
2013,Vermont,9.55,551,0.02000000000000135,1,45.0,0.0889328063241106,0.16000000000000014,-30.0,-0.19000000000000128,-132.0,-0.16000000000000014,168.0
2014,Vermont,9.54,610,-0.010000000000001563,0,59.0,0.10707803992740472,0.02000000000000135,45.0,0.16000000000000014,-30.0,-0.19000000000000128,-132.0
2015,Vermont,9.99,470,0.45000000000000107,1,-140.0,-0.2295081967213115,-0.010000000000001563,59.0,0.02000000000000135,45.0,0.16000000000000014,-30.0
2002,Virginia,7.4,1302,,0,,,,,,,,
2003,Virginia,7.24,1246,-0.16000000000000014,0,-56.0,-0.043010752688172005,,,,,,
2004,Virginia,7.05,1182,-0.1900000000000004,0,-64.0,-0.051364365971107495,-0.16000000000000014,-56.0,,,,
2005,Virginia,6.82,1030,-0.22999999999999954,0,-152.0,-0.12859560067681897,-0.1900000000000004,-64.0,-0.16000000000000014,-56.0,,
2006,Virginia,6.61,1232,-0.20999999999999996,0,202.0,0.19611650485436893,-0.22999999999999954,-152.0,-0.1900000000000004,-64.0,-0.16000000000000014,-56.0
2007,Virginia,6.42,1165,-0.1900000000000004,0,-67.0,-0.05438311688311692,-0.20999999999999996,202.0,-0.22999999999999954,-152.0,-0.1900000000000004,-64.0
2008,Virginia,7.03,1183,0.6100000000000003,1,18.0,0.015450643776824036,-0.1900000000000004,-67.0,-0.20999999999999996,202.0,-0.22999999999999954,-152.0
2009,Virginia,7.9,1209,0.8700000000000001,1,26.0,0.0219780219780219,0.6100000000000003,18.0,-0.1900000000000004,-67.0,-0.20999999999999996,202.0
2010,Virginia,8.6,1726,0.6999999999999993,1,517.0,0.4276261373035566,0.8700000000000001,26.0,0.6100000000000003,18.0,-0.1900000000000004,-67.0
2011,Virginia,8.34,1744,-0.2599999999999998,0,18.0,0.010428736964078755,0.6999999999999993,517.0,0.8700000000000001,26.0,0.6100000000000003,18.0
2012,Virginia,8.17,1817,-0.16999999999999993,0,73.0,0.04185779816513757,-0.2599999999999998,18.0,0.6999999999999993,517.0,0.8700000000000001,26.0
2013,Virginia,8.05,2031,-0.11999999999999922,0,214.0,0.11777655476059445,-0.16999999999999993,73.0,-0.2599999999999998,18.0,0.6999999999999993,517.0
2014,Virginia,7.92,2184,-0.13000000000000078,0,153.0,0.07533234859675031,-0.11999999999999922,214.0,-0.16999999999999993,73.0,-0.2599999999999998,18.0
2015,Virginia,7.91,2222,-0.009999999999999787,0,38.0,0.017399267399267337,-0.13000000000000078,153.0,-0.11999999999999922,214.0,-0.16999999999999993,73.0
2002,Washington,9.92,2300,,0,,,,,,,,
2003,Washington,9.85,2516,-0.07000000000000028,0,216.0,0.0939130434782609,,,,,,
2004,Washington,9.8,2442,-0.049999999999998934,0,-74.0,-0.02941176470588236,-0.07000000000000028,216.0,,,,
2005,Washington,9.73,2482,-0.07000000000000028,0,40.0,0.016380016380016293,-0.049999999999998934,-74.0,-0.07000000000000028,216.0,,
2006,Washington,9.79,3620,0.05999999999999872,1,1138.0,0.4585012087026592,-0.07000000000000028,40.0,-0.049999999999998934,-74.0,-0.07000000000000028,216.0
2007,Washington,9.89,3894,0.10000000000000142,1,274.0,0.07569060773480674,0.05999999999999872,1138.0,-0.07000000000000028,40.0,-0.049999999999998934,-74.0
2008,Washington,9.7,4158,-0.19000000000000128,0,264.0,0.06779661016949157,0.10000000000000142,274.0,0.05999999999999872,1138.0,-0.07000000000000028,40.0
2009,Washington,10.31,4855,0.6100000000000012,1,697.0,0.16762866762866757,-0.19000000000000128,264.0,0.10000000000000142,274.0,0.05999999999999872,1138.0
2010,Washington,10.14,5810,-0.16999999999999993,0,955.0,0.1967044284243049,0.6100000000000012,697.0,-0.19000000000000128,264.0,0.10000000000000142,274.0
2011,Washington,9.97,5264,-0.16999999999999993,0,-546.0,-0.09397590361445785,-0.16999999999999993,955.0,0.6100000000000012,697.0,-0.19000000000000128,264.0
2012,Washington,10.18,5985,0.20999999999999908,1,721.0,0.13696808510638303,-0.16999999999999993,-546.0,-0.16999999999999993,955.0,0.6100000000000012,697.0
2013,Washington,10.2,6569,0.019999999999999574,1,584.0,0.09757727652464498,0.20999999999999908,721.0,-0.16999999999999993,-546.0,-0.16999999999999993,955.0
2014,Washington,10.18,7148,-0.019999999999999574,0,579.0,0.08814126959963464,0.019999999999999574,584.0,0.20999999999999908,721.0,-0.16999999999999993,-546.0
2015,Washington,10.33,7038,0.15000000000000036,1,-110.0,-0.015388919977616156,-0.019999999999999574,579.0,0.019999999999999574,584.0,0.20999999999999908,721.0
2002,West Virginia,7.4,166,,0,,,,,,,,
2003,West Virginia,7.24,141,-0.16000000000000014,0,-25.0,-0.1506024096385542,,,,,,
2004,West Virginia,7.05,111,-0.1900000000000004,0,-30.0,-0.21276595744680848,-0.16000000000000014,-25.0,,,,
2005,West Virginia,6.82,98,-0.22999999999999954,0,-13.0,-0.11711711711711714,-0.1900000000000004,-30.0,-0.16000000000000014,-25.0,,
2006,West Virginia,6.61,111,-0.20999999999999996,0,13.0,0.13265306122448983,-0.22999999999999954,-13.0,-0.1900000000000004,-30.0,-0.16000000000000014,-25.0
2007,West Virginia,7.3,116,0.6899999999999995,1,5.0,0.04504504504504503,-0.20999999999999996,13.0,-0.22999999999999954,-13.0,-0.1900000000000004,-30.0
2008,West Virginia,7.87,91,0.5700000000000003,1,-25.0,-0.2155172413793104,0.6899999999999995,5.0,-0.20999999999999996,13.0,-0.22999999999999954,-13.0
2009,West Virginia,8.74,102,0.8700000000000001,1,11.0,0.1208791208791209,0.5700000000000003,-25.0,0.6899999999999995,5.0,-0.20999999999999996,13.0
2010,West Virginia,8.6,134,-0.14000000000000057,0,32.0,0.3137254901960784,0.8700000000000001,11.0,0.5700000000000003,-25.0,0.6899999999999995,5.0
2011,West Virginia,8.34,109,-0.2599999999999998,0,-25.0,-0.18656716417910446,-0.14000000000000057,32.0,0.8700000000000001,11.0,0.5700000000000003,-25.0
2012,West Virginia,8.17,142,-0.16999999999999993,0,33.0,0.3027522935779816,-0.2599999999999998,-25.0,-0.14000000000000057,32.0,0.8700000000000001,11.0
2013,West Virginia,8.05,153,-0.11999999999999922,0,11.0,0.07746478873239426,-0.16999999999999993,33.0,-0.2599999999999998,-25.0,-0.14000000000000057,32.0
2014,West Virginia,7.92,137,-0.13000000000000078,0,-16.0,-0.10457516339869277,-0.11999999999999922,11.0,-0.16999999999999993,33.0,-0.2599999999999998,-25.0
2015,West Virginia,8.73,136,0.8100000000000005,1,-1.0,-0.007299270072992692,-0.13000000000000078,-16.0,-0.11999999999999922,11.0,-0.16999999999999993,33.0
2002,Wisconsin,7.4,2119,,0,,,,,,,,
2003,Wisconsin,7.24,2083,-0.16000000000000014,0,-36.0,-0.01698914582350164,,,,,,
2004,Wisconsin,7.05,1975,-0.1900000000000004,0,-108.0,-0.05184829572731642,-0.16000000000000014,-36.0,,,,
2005,Wisconsin,6.82,1756,-0.22999999999999954,0,-219.0,-0.11088607594936706,-0.1900000000000004,-108.0,-0.16000000000000014,-36.0,,
2006,Wisconsin,7.31,2151,0.4899999999999993,1,395.0,0.22494305239179946,-0.22999999999999954,-219.0,-0.1900000000000004,-108.0,-0.16000000000000014,-36.0
2007,Wisconsin,8.11,1928,0.7999999999999998,1,-223.0,-0.10367271036727099,0.4899999999999993,395.0,-0.22999999999999954,-219.0,-0.1900000000000004,-108.0
2008,Wisconsin,7.81,1921,-0.2999999999999998,0,-7.0,-0.0036307053941908585,0.7999999999999998,-223.0,0.4899999999999993,395.0,-0.22999999999999954,-219.0
2009,Wisconsin,7.9,1887,0.09000000000000075,1,-34.0,-0.017699115044247815,-0.2999999999999998,-7.0,0.7999999999999998,-223.0,0.4899999999999993,395.0
2010,Wisconsin,8.6,2232,0.6999999999999993,1,345.0,0.1828298887122417,0.09000000000000075,-34.0,-0.2999999999999998,-7.0,0.7999999999999998,-223.0
2011,Wisconsin,8.34,2154,-0.2599999999999998,0,-78.0,-0.034946236559139754,0.6999999999999993,345.0,0.09000000000000075,-34.0,-0.2999999999999998,-7.0
2012,Wisconsin,8.17,2289,-0.16999999999999993,0,135.0,0.06267409470752083,-0.2599999999999998,-78.0,0.6999999999999993,345.0,0.09000000000000075,-34.0
2013,Wisconsin,8.05,2502,-0.11999999999999922,0,213.0,0.09305373525557004,-0.16999999999999993,135.0,-0.2599999999999998,-78.0,0.6999999999999993,345.0
2014,Wisconsin,7.92,2651,-0.13000000000000078,0,149.0,0.05955235811350912,-0.11999999999999922,213.0,-0.16999999999999993,135.0,-0.2599999999999998,-78.0
2015,Wisconsin,7.91,2571,-0.009999999999999787,0,-80.0,-0.030177291588080024,-0.13000000000000078,149.0,-0.11999999999999922,213.0,-0.16999999999999993,135.0
2002,Wyoming,7.4,61,,0,,,,,,,,
2003,Wyoming,7.24,84,-0.16000000000000014,0,23.0,0.3770491803278688,,,,,,
2004,Wyoming,7.05,55,-0.1900000000000004,0,-29.0,-0.34523809523809523,-0.16000000000000014,23.0,,,,
2005,Wyoming,6.82,55,-0.22999999999999954,0,0.0,0.0,-0.1900000000000004,-29.0,-0.16000000000000014,23.0,,
2006,Wyoming,6.61,56,-0.20999999999999996,0,1.0,0.018181818181818077,-0.22999999999999954,0.0,-0.1900000000000004,-29.0,-0.16000000000000014,23.0
2007,Wyoming,6.42,62,-0.1900000000000004,0,6.0,0.1071428571428572,-0.20999999999999996,1.0,-0.22999999999999954,0.0,-0.1900000000000004,-29.0
2008,Wyoming,7.03,41,0.6100000000000003,1,-21.0,-0.33870967741935487,-0.1900000000000004,6.0,-0.20999999999999996,1.0,-0.22999999999999954,0.0
2009,Wyoming,7.9,64,0.8700000000000001,1,23.0,0.5609756097560976,0.6100000000000003,-21.0,-0.1900000000000004,6.0,-0.20999999999999996,1.0
2010,Wyoming,8.6,89,0.6999999999999993,1,25.0,0.390625,0.8700000000000001,23.0,0.6100000000000003,-21.0,-0.1900000000000004,6.0
2011,Wyoming,8.34,74,-0.2599999999999998,0,-15.0,-0.1685393258426966,0.6999999999999993,25.0,0.8700000000000001,23.0,0.6100000000000003,-21.0
2012,Wyoming,8.17,125,-0.16999999999999993,0,51.0,0.6891891891891893,-0.2599999999999998,-15.0,0.6999999999999993,25.0,0.8700000000000001,23.0
2013,Wyoming,8.05,134,-0.11999999999999922,0,9.0,0.07200000000000006,-0.16999999999999993,51.0,-0.2599999999999998,-15.0,0.6999999999999993,25.0
2014,Wyoming,7.92,131,-0.13000000000000078,0,-3.0,-0.02238805970149249,-0.11999999999999922,9.0,-0.16999999999999993,51.0,-0.2599999999999998,-15.0
2015,Wyoming,7.91,114,-0.009999999999999787,0,-17.0,-0.1297709923664122,-0.13000000000000078,-3.0,-0.11999999999999922,9.0,-0.16999999999999993,51.0
